client_id,business_name,owner_first_name,trade,trade_confidence,license_class,roc_number,phone,city,zip,also_holds,email,website
deals-enterprises-llc,D.E.A.L.S ENTERPRISES LLC,Eduardo,plumbing,high,CR-77,363035,(520) 240-4802,Tucson,85713,,,
stark-contrast-llc,Stark Contrast LLC,Rory,landscaping,medium,KB-2,363034,(480) 277-1993,Scottsdale,85254,R-62|CR-21,,
land-west-construction-llc,Land West Construction LLC,Dustin,general,high,KB-1,363032,(480) 695-5623,Gilbert,85298,,,
any-hour-llc,Any Hour LLC,David,hvac,high,CR-39,363024,(623) 473-4918,Phoenix,85051,R-37|CR-11|CR-37|R-37|CR-11|CR-37,,
feller-flips-llc,"FELLER FLIPS, LLC",Jesse,general,high,B-3,363022,(480) 703-0955,Mesa,85202,,,
te-li,Te Li,Te,hvac,medium,B-1,363021,(626) 342-8790,Ontario,91762,C-58|R-11|A-11|C-14|C-24|C-3|C-16|A|C-4|C-49|C-38|C-40|C-45|C-58|R-11|A-11|C-14|C-24|C-3|C-16|A|C-4|C-49|C-38|C-40|C-45,,
redsands-building-co-llc,"RedSands Building Co., LLC",Justin,general,high,B,363019,(402) 760-0073,Gilbert,85233,,,
chaparral-insulation-inc,Chaparral Insulation Inc,Brandon,insulation,high,C-40,363017,(254) 756-5034,Waco,76710,,,
plumbers-plus-llc,PLUMBERS PLUS LLC,Kory,plumbing,high,CR-37,363016,(480) 979-3924,Chandler,85226,,,
first-solution-sealants-llc,First Solution Sealants LLC,Mario,painting,high,CR-34,363014,(480) 845-8461,BUCKEYE,85326,,,
slw-painting-llc,SLW Painting LLC,Steven,painting,high,R-34,363012,(480) 475-8721,Phoenix,85051,,,
maha-llc,MAHA LLC,Yamen,excavating,medium,KB-1,363009,(928) 817-7999,Yuma,85364,R-2|CR-57|KB-2|R-13|R-2|CR-57|KB-2|R-13,,
jiancai-chen,Jiancai Chen,Jiancai,roofing,high,C-42,363007,(626) 554-4892,Tucson,85745,,,
david-alexander-recalde,David Alexander Recalde,Sedrick,electrical,high,CR-11,363004,(720) 701-7359,Scottsdale,85260,,,
silver-basin-remodeling-llc,Silver Basin Remodeling LLC,Jeremy,carpentry,high,R-61,363002,(520) 235-4182,Tucson,85743,CR-37|CR-37,,
classic-electric-consulting-corp,Classic Electric & Consulting Corp.,Toby,electrical,high,C-11,363001,(805) 619-7795,Nipomo,93444,,,
sagg-tech-llc,Sagg Tech LLC,Luther,lowvoltage,high,CR-67,362995,(602) 628-2147,Pinon,86510,,,
fisher-company-llc,"Fisher & Company, LLC.",Mark,general,high,B,362991,(520) 262-1508,HOUSTON,77043,,,
mckinley-renovations-llc,Mckinley Renovations LLC,Conner,tile,high,CR-48,362990,(928) 732-6971,LAKE HAVASU CITY,86404,,,
lm-brothers-and-associates-inc,LM Brothers and Associates Inc,Juan,general,high,KB-1,362984,(323) 308-0647,Littlerock,93543,,,
mv-plumbing-llc,MV Plumbing LLC,MARCO,plumbing,high,CR-37,362977,(480) 408-7289,PHOENIX,85028,,,
helix-concrete-llc,HELIX CONCRETE LLC,Adrian,concrete,high,CR-9,362976,(602) 708-6840,MESA,85204,,,
paula-pollock-contracting-llc,Paula Pollock Contracting LLC,Paula,general,high,KB-1,362974,(623) 764-5589,Gilbert,85296,B|B,,
ga-constructions-llc,GA Constructions LLC,Roberto,general,high,KB-2,362973,(480) 239-8321,SCOTTSDALE,85259,,,
chunhui-zhang,Chunhui Zhang,Chunhui,general,high,B-1,362970,(626) 558-4080,Alhambra,91801,,,
pinnacle-tech-electric-llc,Pinnacle Tech Electric LLC,Zachary,electrical,high,CR-11,362965,(623) 236-4668,ANTHEM,85086,,,
grade-a-construction-llc,Grade A Construction LLC,Armando,excavating,high,A-5,362964,(520) 809-5603,TUCSON,85735,,,
jrp-flooring-llc,JRP FLOORING LLC,Efrain,flooring,high,CR-8,362962,(480) 307-5494,PHOENIX,85023,CR-48|CR-48,,
1-services-llc,&1 Services LLC,Richard,handyman,high,R-62,362961,(928) 554-5173,Rimrock,86335,,,
advance-ac-refrigeration-llc,"ADVANCE A/C & REFRIGERATION, LLC",sheng,hvac,high,CR-39,362955,(646) 727-6868,PHOENIX,85053,,,
dc-construction-pros-llc,"DC Construction Pros, LLC",Daniel,general,high,KB-1,362949,(520) 403-2360,TUCSON,85748,,,
exl-holdings-llc,EXL Holdings LLC,Robert,lowvoltage,high,CR-67,362947,(602) 295-9338,Phoenix,85028,,,
red-rock-power-llc,Red Rock Power LLC,Johnny,electrical,high,CR-11,362946,(720) 539-3897,CHANDLER,85226,,,
vmb-granite-llc,VMB Granite LLC,Naitsha,handyman,high,R-62,362943,(623) 666-1922,Glendale,85303,,,
day-one-roofing-llc,"DAY ONE ROOFING, LLC",Jon,roofing,high,CR-42,362939,(480) 252-2248,GILBERT,85295,,,
a-b-handyman-llc,"A & B Handyman, LLC",Brian,handyman,medium,B,362938,(928) 243-2246,Taylor,85939,R-62|R-62,,
bonzer-fabrication-and-design-llc,BONZER FABRICATION AND DESIGN LLC,Robert,welding,high,CR-24,363045,(520) 891-2293,TUCSON,85749,,,
gonzalez-block-llc,GONZALEZ BLOCK LLC,Jose,masonry,high,CR-31,363043,(928) 274-8175,Cottonwood,86326,,,
encino-custom-cabinetry-llc,ENCINO CUSTOM CABINETRY LLC,Karen,carpentry,high,R-60,363041,(602) 421-0213,PHOENIX,85017,,,
camelback-roofing-system-llc,Camelback Roofing System LLC,Claudia,roofing,high,CR-42,363039,(602) 901-5981,PHOENIX,85041,,,
aura-comfort-solutions-llc,AURA Comfort Solutions LLC,Josemaria,hvac,high,CR-39,363031,(928) 920-2768,Maricopa,85139,,,
db-epoxy-solutions-llc,DB Epoxy Solutions LLC,Dustin,handyman,high,R-62,363028,(623) 261-8197,Buckeye,85396,,,
te-li,Te Li,Te,hvac,medium,B-1,363026,(626) 342-8790,Ontario,91762,C-58|R-11|A-11|C-14|C-24|C-3|C-16|A|C-4|C-49|C-38|C-40|C-45,,
ca-keith-llc,CA Keith LLC,Christian,handyman,high,R-62,363025,(818) 749-5413,Gilbert,85298,,,
qinjie-zhou,Qinjie Zhou,Qinjie,electrical,high,R-11,363023,(626) 990-8989,Alhambra,91801,,,
state-48-framing-drywall-llc,STATE 48 FRAMING & DRYWALL LLC,Samuel,sheetrock,high,CR-10,363015,(602) 561-8716,Phoenix,85040,CR-7,,
larry-jacinto-construction-inc,"Larry Jacinto Construction, Inc.",Brian,general,high,A,363013,(909) 794-2151,Mentone,92359,,,
state-48-framing-drywall-llc,STATE 48 FRAMING & DRYWALL LLC,Samuel,sheetrock,high,CR-10,363011,(602) 561-8716,Phoenix,85040,CR-7,,
bennys-building-services-llc,Benny's Building Services LLC,Angel,general,high,KB-1,363010,(480) 527-3714,Mesa,85202,,,
the-metal-roofing-consortium-llc,"The Metal Roofing Consortium, LLC",William,roofing,high,CR-42,363008,(726) 228-5729,Austin,78727,,,
huasen-wei,Huasen Wei,Huasen,general,high,B-1,363006,(626) 265-6418,Phoenix,85013,,,
mao-hsun-system-technology-co,Mao Hsun System Technology Co.,SILVIA,plumbing,medium,C-4,363005,(972) 489-3887,Phoenix,85027,,,
white-family-rentals-llc,White Family Rentals LLC,Mckenzie,handyman,high,R-62,363003,(928) 380-9560,Flagstaff,86005,,,
ema-builders-inc,"EMA Builders, Inc",Edmundo,general,high,B-1,362999,(661) 644-6981,San Ramon,94583,,,
earnestbuilt-llc,EARNESTBUILT LLC.,Ernest,general,high,KB-1,362997,(928) 848-6334,Flagstaff,86001,,,
cd-remodels-llc,C&D Remodels LLC,Maira,carpentry,high,R-60,362996,(623) 999-2038,BUCKEYE,85326,,,
black-out-electric-az-llc,Black Out Electric AZ LLC,Jonathan,electrical,high,CR-11,362987,(480) 577-7785,Mesa,85203,R-11|CR-61,,
rauson-renovations-llc,RAUSON RENOVATIONS LLC,Kevin,general,high,KB-2,362985,(253) 377-3413,Corona de Tucson,85641,,,
295-cabling-llc,295 Cabling LLC,Nathaniel,lowvoltage,high,CR-67,362982,(602) 895-4184,Sparks,89431,,,
m3-building-concepts-llc,M3 Building Concepts LLC,Scott,general,high,B-3,362981,(480) 708-4036,PEORIA,85383,,,
sd-cap-construction-management-llc,"SD-Cap Construction Management, LLC",Tyler,general,high,B-1,362980,(303) 249-3109,Carrollton,75006,,,
my-plumber-plumbing-services-llc,My Plumber Plumbing Services LLC,Joseph,plumbing,high,R-37R,362978,(520) 313-7513,Tucson,85746,C-37,,
cactus-contracting-llc,Cactus Contracting LLC,Hunter,general,high,KB-2,362969,(480) 250-5236,Gilbert,85234,,,
logical-building-services-llc,"Logical Building Services, LLC",Davis,general,high,B-1,362966,(727) 458-7748,Tempe,85284,,,
meridian-construction-group-llc,Meridian Construction Group LLC,Mazin,general,high,KB-2,362963,(602) 332-8543,Chandler,85249,KA|CR-2,,
pipeliners-llc,"PIPELINERS, LLC",Jake,plumbing,high,CR-37,362960,(602) 339-1026,Mesa,85210,,,
mcjl-ventures-llc,"MCJL Ventures, LLC",Axan,plumbing,high,CR-37,362959,(818) 292-5869,Phoenix,85032,,,
zenith-pools-llc,ZENITH POOLS LLC,Andrew,pools,high,R-6,362954,(480) 735-4665,Gilbert,85296,,,
jien-shian-corporation,Jien Shian Corporation,Ta,general,high,B-1,362953,(602) 807-2996,Phoenix,85021,,,
standardpro-llc,Standardpro LLC,Nicu,hvac,high,CR-39,362948,(609) 712-6157,Phoenix,85016,KB-1,,
simmons-horn-design-build-llc,Simmons & Horn Design + Build LLC,Michael,signs,medium,KB-2,362940,(480) 418-6395,SCOTTSDALE,85260,,,
alliance-flooring-service-inc,"Alliance Flooring Service, Inc",Jeffrey,flooring,high,CR-8,362937,(253) 856-1288,Kent,98032,,,
sky-rise-solution-general-contracting-llc,"Sky Rise Solution General Contracting, LLC",Lucas,electrical,medium,KB-2,362934,(602) 380-9237,Miami,85539,CR-11,,
motes-homes-llc,Motes Homes LLC,Presley,general,high,KB-1,362932,(928) 965-7082,Thatcher,85552,,,
drywall-service-supremacy-llc,Drywall Service Supremacy LLC,Joel,sheetrock,high,CR-10,362929,(623) 693-4507,Buckeye,85326,CR-34,,
upside-az-llc,Upside Az LLC,Marissa,handyman,high,R-62,362928,(480) 630-4644,PHOENIX,85023,,,
hex-telecom-inc,"Hex-Telecom, Inc.",Charlie,general,high,B-1,362924,(815) 666-9370,Addison,75001,,,
saber-power-services-llc,Saber Power Services LLC,Armando,electrical,high,C-11,362923,(713) 222-9102,Rosharon,77583,,,
toshiba-america-energy-systems-corporation,Toshiba America Energy Systems Corporation,Steven,general,high,A,362922,(414) 867-3751,West Allis,53214,,,
matrix-hg-inc,MATRIX HG INC.,Daniel,hvac,medium,B-1,362921,(925) 459-9200,Concord,94520,C-39,,
southwest-door-trim-llc,SOUTHWEST DOOR & TRIM LLC,Valeria,carpentry,high,CR-60,362917,(480) 387-2327,Phoenix,85009,,,
prodigal-son-plumbing-az-llc,Prodigal Son Plumbing AZ LLC,Richard,plumbing,high,CR-37,362912,(602) 419-8518,Tolleson,85353,,,
yesac-corp,YESAC CORP,Sang,general,high,B-1,362911,(334) 356-5550,Tallassee,36078,,,
greenline-turf-and-hardscape-llc,Greenline Turf and Hardscape LLC,Cohen,landscaping,high,CR-21,362907,(480) 274-9305,TEMPE,85283,,,
rpl-electric-inc,"RPL Electric, Inc",Robert,electrical,high,CR-11,362905,(619) 787-8382,Alpine,91901,,,
diamond-coatings-az-llc,"Diamond Coatings AZ, LLC",Jonathan,painting,high,CR-34,362898,(602) 796-0261,Surprise,85387,,,
deniz-construction-llc,DENIZ CONSTRUCTION LLC,Santiago,sheetrock,high,CR-10,362897,(928) 707-0931,BELLEMONT,86015,,,
out-west-fire-specialist-llc,"Out West Fire Specialist, LLC",Donald,fireprotection,high,CR-16,362896,(623) 308-7138,Buckeye,85326,,,
taylor-made-pools-inc,Taylor Made Pools Inc,David,pools,high,KA-5,362893,(951) 722-5611,Hurricane,84737,,,
cleanlyte-inc,CLEANLYTE INC.,Joshua,electrical,high,R-11,362891,(949) 813-3990,Sacramento,95834,,,
tcb-operations-llc,TCB OPERATIONS LLC,Turner,demolition,high,CR-57,362877,(602) 885-0919,SURPRISE,85387,,,
alta-services-llc,Alta Services LLC,Glenn,handyman,high,R-62,362876,(602) 349-0959,Phoenix,85032,,,
russell-anthony-gurzi,Russell Anthony Gurzi,Russell,tile,high,R-48,362873,(951) 326-4518,Bullhead City,86442,,,
trove-consulting-llc,TROVE CONSULTING LLC,Nathan,hvac,medium,B-2,362870,(480) 750-9499,Gilbert,85234,C-39,,
keystone-contractors-inc,"Keystone Contractors, Inc.",Thor,masonry,high,CR-31,362863,(702) 657-0742,Las Vegas,89115,,,
naild-it-llc,NAILD- IT LLC,Jacob,carpentry,high,C-60,362862,(720) 903-5191,Denver,80249,,,
arizona-pavement-specialist-llc,Arizona Pavement Specialist LLC,Elias,asphalt,high,CR-69,362861,(602) 760-6773,PHOENIX,85016,,,
aces-excavation-llc,Aces Excavation LLC,Robert,excavating,high,CR-2,362860,(480) 226-4319,San Tan Valley,85140,CR-57,,
red-rock-electrical-llc,RED ROCK ELECTRICAL LLC,REED,electrical,high,CR-11,362859,(605) 440-0680,PHOENIX,85032,,,
vex-landscape-excavation-llc,VEX Landscape & Excavation LLC,Zackery,landscaping,high,R-21,362857,(623) 826-5113,SURPRISE,85388,,,
escalante-concrete-construction-inc,Escalante Concrete Construction Inc,Brian,concrete,medium,KB-1,362856,(520) 887-8682,Tucson,85704,C-9|R-9,,
promised-land-companies-llc,"Promised Land Companies, LLC",Gregory,general,high,B,362854,(763) 777-0077,Phoenix,85032,,,
next-gen-hvac-llc,"Next Gen HVAC, LLC",Michael,hvac,high,CR-39,362853,(602) 312-8200,Phoenix,85044,CR-40,,
gila-carpentry-and-restoration-llc,Gila Carpentry and Restoration LLC,Corey,carpentry,high,CR-60,362852,(650) 704-1932,TUCSON,85711,,,
high-country-fencing-landscape-llc,High Country Fencing & Landscape LLC,Jaron,landscaping,high,CR-21,362851,(928) 606-6457,Flagstaff,86001,,,
allworkz-llc,AllworkZ LLC,Randy,carpentry,high,CR-60,362848,(602) 703-3803,Camp Verde,86322,,,
valley-of-the-sun-electric-llc,VALLEY OF THE SUN ELECTRIC LLC,Francisco,electrical,high,CR-11,362844,(602) 481-7981,Phoenix,85041,,,
wd-contracting-llc,W.D Contracting LLC,William,general,high,KB-1,362843,(480) 390-4092,MESA,85204,,,
mainline-electric,Mainline Electric,Jose,electrical,high,CR-11,362842,(940) 468-8915,Gainesville,76240,,,
affordable-pump-waterworks-llc,AFFORDABLE PUMP & WATERWORKS LLC,Lonnie,welldrilling,high,CR-53,362840,(520) 836-4733,Maricopa,85138,A-16,,
onpoint-earthwork-llc,OnPoint Earthwork LLC,Susan,excavating,high,A-5,362839,(702) 551-7676,Las Vegas,89118,CR-57,,
powers-dd-salazar-llc,Powers DD Salazar LLC,JUAN,general,high,KA,362836,(602) 446-8726,PHOENIX,85040,,,
gallegos-masonry-llc,Gallegos Masonry LLC,Raymond,masonry,high,CR-31,362831,(602) 513-2934,Mesa,85212,,,
arc-pool-service-llc,ARC POOL SERVICE LLC,Alex,pools,high,CR-6,362830,(714) 473-8959,CHANDLER,85249,,,
dye-namic-plumbing-llc,Dye-Namic Plumbing LLC,JORDAN,plumbing,high,CR-37,362822,(480) 619-7590,MESA,85205,,,
pickering-builders-llc,PICKERING BUILDERS LLC,Anthony,flooring,high,CR-8,362821,(480) 593-5000,Gilbert,85297,,,
ethos-worx-llc,Ethos Worx LLC,John,handyman,high,R-62,362820,(480) 710-9487,Queen Creek,85142,,,
duke-industrial-group-llc,Duke Industrial Group LLC,Patrick,electrical,high,C-11,362819,(337) 496-4004,Ruston,71270,,,
eyestone-plumbing-llc,"Eyestone Plumbing, LLC",Zachary,plumbing,high,CR-37,362818,(928) 302-9138,LAKE HAVASU CITY,86406,,,
apex-drywall-solutions-llc,APEX DRYWALL SOLUTIONS LLC,miguel,sheetrock,high,CR-10,362813,(520) 406-8965,SAHUARITA,85629,,,
honestly-hvac-llc,Honestly HVAC LLC,James,hvac,high,CR-39,362811,(520) 820-5422,TUCSON,85732,,,
robert-prince-bechtold,Robert Prince Bechtold,Robert,general,high,KB-1,362810,928487502,Redlands,92375,,,
grand-valley-llc,GRAND VALLEY LLC,Carlos,roofing,high,CR-42,362807,(520) 252-5856,Tucson,85746,,,
arizona-leak-detection-llc,ARIZONA LEAK DETECTION LLC,Ariana,plumbing,high,R-37R,362804,(602) 354-2945,PHOENIX,85051,CR-61,,
o-and-j-tile-llc,O And J Tile LLC,Carol,tile,high,CR-48,362801,(480) 957-6208,Phoenix,85051,,,
dsc-builders-llc,DSC  Builders LLC,Elon,general,high,KB-1,362799,(909) 225-1311,Bullhead City,86429,,,
bandito-pools-llc,Bandito Pools LLC,Tracy,pools,high,KA-5,362796,(623) 526-0551,EL MIRAGE,85335,,,
candelaria-homes-llc,Candelaria Homes LLC,Ricardo,general,high,B,362794,(505) 917-2099,Albuquerque,87711,,,
curbcrete-usa-llc,CurbCrete USA LLC,William,carpentry,medium,A,362792,(480) 862-0675,Phoenix,85050,CR-61,,
romero-industries-llc,Romero Industries LLC,Jaime,demolition,high,CR-57,362791,(520) 869-3891,Tucson,85746,,,
octane-environmental-llc,OCTANE ENVIRONMENTAL LLC,Kayla,septic,high,CR-41,362790,(833) 462-8263,Bridgeport,26330,,,
prescott-pinnacle-construction-llc,Prescott Pinnacle Construction LLC,Michael,general,high,KB-2,362785,(928) 533-7185,Prescott Valley,86315,,,
robles-tile-llc,Robles Tile LLC,Nancy,tile,high,CR-48,362784,(602) 653-8829,Buckeye,85396,,,
te-li,Te Li,Te,hvac,medium,B-1,362783,(626) 342-8790,Ontario,91762,C-58|R-11|A-11|C-14|C-24|C-3|C-16|A|C-4|C-49|C-38|C-40|C-45,,
dope-boy-pools-llc,"Dope Boy Pools, LLC",Michael,pools,high,KA-5,362778,480-304074,QUEEN CREEK,85142,,,
i-10-underground-llc,I-10 Underground LLC,Alejandro,plumbing,high,CR-80,362776,(619) 480-4791,Tucson,85757,,,
warrior-woodworking-llc,Warrior Woodworking LLC,Chase,carpentry,high,CR-60,362774,(602) 694-4455,Phoenix,85083,,,
touch-of-freedom-painting-llc,Touch of Freedom Painting LLC,alfonso,painting,high,CR-34,362773,(480) 388-4606,Waddell,85355,,,
sp-construction-inc,"SP CONSTRUCTION, INC.",Scot,electrical,high,CR-11,362770,(951) 526-6411,La Quinta,92253,KB-1,,
thomasson-trades-llc,Thomasson Trades LLC,Caleb,handyman,high,R-62,362765,(520) 678-2750,Tombstone,85638,,,
haolys-llc,Haolys LLC,Kate,pools,high,CR-6,362762,(480) 253-9454,Scottsdale,85251,,,
sierra-vista-painting-drywall-services-llc,Sierra Vista Painting & Drywall Services LLC,Eduardo,sheetrock,high,CR-10,362760,(520) 227-1107,Hereford,85615,CR-34,,
sierra-vista-painting-drywall-services-llc,Sierra Vista Painting & Drywall Services LLC,Eduardo,sheetrock,high,CR-10,362759,(520) 227-1107,Hereford,85615,CR-34,,
belgravia-homes-llc,"Belgravia Homes, LLC",James,general,high,KB-2,362744,(480) 969-1911,CHANDLER,85225,,,
southwest-sawyers-llc,Southwest Sawyers LLC,Dennis,landscaping,high,CR-21,362740,(928) 417-9290,Claypool,85532,,,
baja-construction-co-inc,Baja Construction Co Inc,Gary,steel,medium,B-1,362738,(925) 765-8851,Martinez,94553,A-11,,
alliance-general-contracting-inc,Alliance General Contracting Inc,Michael,general,high,KB-1,362737,(805) 914-8998,SCOTTSDALE,85259,,,
jose-santos-pineda-reyes,Jose Santos Pineda Reyes,Jose,general,high,B-2,362731,(714) 493-4197,Fullerton,92833,,,
c-o-christian-sons-company-inc,"C. O. CHRISTIAN & SONS COMPANY, INC.",ANDREW,lowvoltage,high,CR-67,362729,(615) 254-3491,NASHVILLE,37211,,,
az-new-homes-llc,AZ New Homes LLC,Patrick,general,high,B,362724,(602) 810-0488,Gilbert,85234,,,
cedar-construction-group-llc,Cedar Construction Group LLC,Scott,general,high,B-1,362722,(810) 343-1057,Sarasota,34231,,,
gtz-contracting-llc,GTZ CONTRACTING LLC,Omar,excavating,high,R-2,362721,(928) 710-4443,Prescott Valley,86315,R-41,,
414-concrete-solutions-llc,414 Concrete Solutions LLC,Robert,concrete,high,CR-9,362718,(602) 206-4505,Avondale,85392,,,
g-t-o-masonry-llc,G T O Masonry L.L.C.,Joel,masonry,high,CR-31,362717,(702) 426-1184,Henderson,89015,,,
overall-electric-llc,Overall Electric LLC,Michael,electrical,high,CR-11,362714,(480) 528-0778,San Tan Valley,85140,,,
fnl-restoration-llc,FNL Restoration LLC,DAVID,general,high,B-3,362709,(520) 335-7380,Phoenix,85016,,,
dnexus-group-llc,"DNexus Group, LLC",Joseph,electrical,high,C-11,362704,(786) 358-7238,Miami Lakes,33016,,,
4k-welding-and-fabrication-llc,4K Welding and Fabrication LLC,Juan,welding,high,CR-24,362701,(520) 425-4018,MAMMOTH,85618,,,
dupper-landscape-inc,Dupper Landscape Inc,Joshua,landscaping,medium,KA,362694,(480) 893-7688,Tempe,85284,CR-21,,
chelle-air-llc,Chelle Air LLC,Derrick,hvac,high,CR-39,362686,(623) 203-0931,Goodyear,85338,,,
kurita-america-inc,KURITA AMERICA INC.,Weiping,general,high,B-1,362680,(866) 663-7633,Minneapolis,55445,,,
sprint-mechanical-llc,"Sprint Mechanical, LLC",Michael,hvac,high,C-58,362672,(833) 777-4688,Houston,77024,C-4|B-1|C-11,,
terra-firma-excavating-llc,Terra Firma Excavating LLC,Colby,excavating,high,CR-2,362668,(928) 970-0323,Payson,85441,,,
standardpro-llc,Standardpro LLC,Nicu,hvac,high,CR-39,362664,(609) 712-6157,Phoenix,85016,KB-1,,
obsidian-handyman-services-llc,Obsidian Handyman Services LLC,Branden,handyman,high,R-62,362662,(602) 419-7535,New River,85087,,,
national-power-llc,"NATIONAL POWER, LLC",Jamie,general,high,B-1,362660,(800) 790-1672,Raleigh,27616,,,
loyola-cazarez-lath-stucco-llc,Loyola & Cazarez Lath & Stucco llc,Patricia,masonry,medium,CR-36,362658,(602) 731-9863,PHOENIX,85033,,,
insight-home-services-llc,Insight Home Services LLC,Billy,handyman,high,R-62,362650,(602) 540-6811,SURPRISE,85388,,,
superior-air-heating-cooling-llc,Superior Air Heating & Cooling LLC,Robert,hvac,high,CR-39,362649,(520) 437-6627,Tucson,85754,,,
sphar-electric-llc,SPHAR Electric LLC,Russell,electrical,high,CR-11,362648,(602) 206-9118,PHOENIX,85028,,,
eric-sons-inc,Eric & Sons Inc,Kristy,hvac,medium,B,362647,(928) 775-2880,Prescott,86301,KB-2|CR-45,,
desert-attic-solution-corporation,Desert Attic Solution Corporation,Adam,insulation,high,R-40,362646,(602) 799-8322,Phoenix,85006,,,
arizona-well-drilling-llc,Arizona Well Drilling LLC,Hal,welldrilling,high,CR-53,362644,(602) 830-1588,Buckeye,85326,,,
andrew-alexander-nyce,Andrew Alexander Nyce,Andrew,general,high,B-1,362643,(970) 403-2420,Bend,97701,,,
the-pole-base-company-llc,The Pole Base Company LLC,Fred,electrical,high,CR-11,362641,(719) 597-5674,Colorado Springs,80918,CR-9,,
babylon-cabinetry-design-llc,Babylon Cabinetry & Design LLC,robert,carpentry,high,CR-60,362634,(480) 758-2752,SURPRISE,85388,,,
c-e-g-concrete-excavating-llc,C E G Concrete & Excavating LLC,Ramon,concrete,high,CR-9,362632,(623) 261-2699,Glendale,85303,CR-2,,
luxcore-builders-llc,"Luxcore Builders, LLC",Cory,handyman,high,R-62,362631,(480) 382-1076,Yarnell,85362,B,,
bella-bath-and-kitchen-llc,Bella Bath and Kitchen LLC,Anthony,general,high,B-3,362630,(760) 668-4653,Mesa,85209,,,
modern-design-development-llc,Modern Design & Development LLC,Jacob,carpentry,high,CR-7,362628,(480) 226-1373,Mesa,85201,B,,
scooters-concrete-inc,SCOOTER'S CONCRETE INC,Jake,concrete,high,CR-9,362627,(619) 875-1640,WITTMANN,85361,,,
aos-construction-llc,AOS Construction LLC,Elide,general,high,A,362625,(602) 397-7472,PHOENIX,85043,,,
padberg-plumbing,Padberg Plumbing,Kent,plumbing,high,R-37R,362621,(602) 300-4147,Buckeye,85326,,,
mile-high-plumbing-llc,Mile High Plumbing LLC,Leon,plumbing,high,CR-37,362619,(928) 243-3570,SNOWFLAKE,85937,,,
vision-general-contractors-of-ga-llc,Vision General Contractors of GA LLC,Robert,general,high,B-1,362613,(770) 769-4674,Summerville,29485,,,
elm-construction-llc,Elm Construction LLC,Zachary,general,high,B-1,362610,(406) 890-1012,Kalispell,59903,,,
mayers-glass-az-llc,MAYER'S GLASS AZ LLC,Noe,glass,high,CR-65,362600,(915) 843-0363,PHOENIX,85037,,,
inland-commercial-flooring-inc,"Inland Commercial Flooring, Inc.",Donald,flooring,high,C-8,362597,(909) 920-0054,Upland,91784,C-48,,
american-made-welding-and-fabrication-llc,"American Made Welding and Fabrication, LLC",Amber,welding,high,CR-56,362596,(928) 263-7696,Kingman,86401,,,
4w-industries-llc,"4W Industries, LLC",Benjamin,plumbing,high,CR-37,362593,(928) 713-8819,Prescott,86301,,,
gt-ea-inc,GT E&A INC,Steve,general,high,B-1,362592,(602) 763-5377,Mesa,85206,,,
jk-engineering-excavating-llc,JK Engineering Excavating LLC,James,excavating,medium,KA,362588,(520) 604-1664,Patagonia,85624,,,
amaral-masonry-llc,AMARAL MASONRY LLC,Rafael,masonry,high,CR-31,362586,(928) 660-0602,Prescott Valley,86314,,,
apex-union-technologies-co,Apex Union Technologies Co.,Uladzimir,electrical,medium,B-1,362585,(602) 663-8302,TEMPE,85282,C-11,,
apex-union-technologies-co,Apex Union Technologies Co.,Uladzimir,electrical,medium,B-1,362584,(602) 663-8302,TEMPE,85282,C-11,,
apex-abatements-of-arizona-llc,Apex Abatements of Arizona LLC,Nathan,demolition,high,CR-57,362574,(623) 428-3643,Glendale,85305,,,
rio-roofing-llc,Rio Roofing LLC,Nathanael,roofing,high,CR-42,362572,(435) 319-0022,Washington,84780,,,
darwin-ashley-greenwell,Darwin Ashley Greenwell,Darwin,general,high,KB-2,362569,(650) 833-8149,Tucson,85719,,,
rebath-az-llc,"REBATH AZ, LLC",Christopher,plumbing,medium,B-3,362567,(480) 998-8900,Phoenix,85008,R-37R,,
ss-structures-llc,S&S Structures LLC,Joseph,steel,medium,KB-1,362566,(602) 615-7163,Phoenix,85009,CR-17,,
greenhome-specialties-inc,Greenhome Specialties Inc,Kyle,insulation,high,R-40,362563,(801) 698-1551,West Haven,84401,,,
kennedy-richter-construction-colorado-llc,Kennedy Richter Construction Colorado LLC,Thomas,general,high,B-1,362562,(843) 207-4849,North Charleston,29405,,,
nss-renewable-electric-llc,NSS Renewable Electric LLC,Nicholas,electrical,high,C-11,362561,(904) 400-3203,Phoenix,85012,,,
neaux-epoxy-flooring-llc,neaux epoxy flooring llc,VICTOR,general,high,B,362559,(480) 993-9162,QUEEN CREEK,85142,,,
rojo-construction-llc,ROJO CONSTRUCTION LLC,David,welding,high,CR-24,362558,(520) 240-4021,TUCSON,85713,,,
cell-crete-corporation,Cell-Crete Corporation,Louis,concrete,high,CR-9,362557,(800) 660-8062,Monrovia,91016,CR-1,,
john-joseph-lopez,John Joseph Lopez,John,painting,high,CR-34,362556,(559) 859-7435,Sierra Vista,85635,,,
sjb-construction-llc,SJB Construction LLC,Scotty,general,high,B,362553,(928) 925-2692,Prescott,86305,,,
bocore-place-finish-llc,Bocore Place & Finish LLC,Zackery,concrete,high,C-9,362543,(315) 532-1033,Buckeye,85326,,,
true-north-electric-llc,True North Electric LLC,Adam,electrical,high,CR-11,362542,(480) 688-4667,MESA,85212,,,
precision-turf-of-arizona-llc,"PRECISION TURF OF ARIZONA, LLC",Christopher,general,high,A,362536,(404) 550-0079,Sugar Hill,30518,,,
cima-del-valle-llc,Cima del Valle LLC,Jose,general,high,KB-1,362534,(480) 823-7189,PHOENIX,85009,,,
sean-craigs-plumbing-llc,"Sean Craig's Plumbing, LLC",Sean,plumbing,high,C-37,362532,(702) 275-7528,Las Vegas,89130,,,
dynamic-renovate-llc,DYNAMIC RENOVATE LLC,Brent,general,high,KB-2,362531,(623) 824-4296,Litchfield Park,85340,,,
seong-jeong,Seong Jeong,Seong,electrical,high,C-11,362530,(213) 725-3488,Brea,92821,,,
chandler-air-mechanical-llc,Chandler Air Mechanical LLC,Riley,hvac,high,CR-39,362527,(480) 489-6050,Chandler,85225,,,
cody-thomas-king,Cody Thomas King,Tate,awnings,high,C-3,362524,(956) 369-7220,McAllen,78541,,,
desert-home-automation-llc,Desert Home Automation LLC,Raymond,lowvoltage,high,CR-67,362520,(404) 386-3933,Cave Creek,85331,,,
7b-commercial-construction-llc,"7B COMMERCIAL CONSTRUCTION, LLC",Jonathan,general,high,B-1,362514,(806) 368-7843,Lubbock,79424,,,
icdc-development-llc,"ICDC Development, LLC",Isaac,general,high,B,362510,(480) 250-5185,Glendale,85308,,,
inland-commercial-flooring-inc,"Inland Commercial Flooring, Inc.",Donald,flooring,high,C-8,362506,(909) 920-0054,Upland,91784,C-48,,
jr7-llc,JR7 LLC,Justin,general,high,KB-2,362499,(480) 381-3721,Phoenix,85032,,,
canyon-kitchen-cabinets-llc,Canyon Kitchen Cabinets LLC,pamela,carpentry,high,CR-60,362496,(623) 376-9539,Glendale,85308,CR-61|CR-60,,
hueng-luei-process-industry-arizona-co,Hueng Luei Process Industry Arizona Co.,Wei-Hsuan,hvac,high,C-39,362495,(520) 829-2294,Tempe,85284,B-1,,
revel-energy-inc,"REVEL ENERGY, INC.",John,electrical,high,C-11,362494,(949) 281-7171,Irvine,92614,B-1,,
jm-electrical-consulting-llc,JM Electrical & Consulting LLC,Jon,electrical,high,CR-11,362492,(602) 363-6983,PHOENIX,85053,,,
arizona-crafted-homes-llc,"Arizona Crafted Homes, LLC",Benjamin,general,high,B,362489,(602) 717-8384,Mesa,85215,,,
peak-lumina-outdoor-lighting-llc,Peak Lumina Outdoor Lighting LLC,Kyle,lowvoltage,high,CR-67,362488,(480) 680-9722,Queen Creek,85142,,,
dovid-rosenbaum,Dovid Rosenbaum,Dovid,general,high,B-3,362486,(480) 960-8442,Phoenix,85014,B,,
hollands-custom-cabinets-inc,Holland's Custom Cabinets Inc,Jed,carpentry,medium,KB-1,362485,(619) 443-6081,El Cajon,92021,,,
strada-services-llc,"STRADA SERVICES, LLC",Andrew,electrical,high,CR-11,362482,(877) 906-1113,Sanford,32771,CR-39|CR-37,,
builders-vision-llc,Builders Vision LLC,James,general,high,KB-1,362480,(602) 538-0289,Phoenix,85013,,,
masterpiece-home-builders-llc,"MASTERPIECE HOME BUILDERS, LLC",Adam,general,high,B,362474,(480) 703-3098,TUCSON,85712,,,
wj-renovations-llc,"WJ Renovations, LLC",Loren,general,high,B-3,362470,(480) 567-6777,Cave Creek,85331,,,
bmf-home-remodeling-and-maintenance-llc,BMF HOME REMODELING AND MAINTENANCE LLC,Thalia,general,high,B,362466,(520) 360-0229,TUCSON,85746,,,
sawdust-studios-llc,Sawdust Studios LLC,Damon,general,high,B-3,362463,(602) 769-2522,Waddell,85355,,,
william-alexander-salkeld,William Alexander Salkeld,William,general,high,KB-1,362458,(602) 815-2606,Phoenix,85016,,,
apex-renovations-llc,Apex Renovations LLC,carlos,general,high,KB-1,362451,(480) 270-0899,Gilbert,85297,,,
pfm-homes-llc,PFM Homes LLC,Paulo,general,high,KB-2,362449,(520) 425-5878,Tucson,85718,,,
chamas-construction-llc,CHAMAS CONSTRUCTION LLC,Houssein,general,high,KB-1,362448,(520) 820-9936,TUCSON,85719,,,
ble-services-llc,BLE SERVICES LLC,John,electrical,high,CR-11,362438,(480) 516-3359,MESA,85215,,,
desert-services-international-inc,Desert Services International Inc,Daniel,electrical,high,C-11,362436,(623) 386-1254,Goodyear,85338,CR-14|CR-34|KB-2|KB-1|KA,,
brent-william-vance,Brent William Vance,Brent,general,high,B,362434,(760) 881-6169,Fort Mohave,86426,,,
ladder-y-llc,LADDER Y LLC,Li,general,high,KB-1,362431,(812) 369-8997,Azusa,91702,,,
crimar-holdings-ltd-lp,Crimar Holdings LTD LP,Denise,pools,high,C-6,362428,(520) 389-0479,Tucson,85714,,,
tranquility-plumbing-llc,Tranquility Plumbing LLC,Colby,plumbing,high,CR-37,362424,(480) 980-1997,SCOTTSDALE,85257,,,
flush-king-heating-and-air-llc,"FLUSH KING HEATING AND AIR, LLC",Bruce,hvac,high,CR-39,362421,(602) 644-1950,SCOTTSDALE,85250,,,
manzer-electric-llc,Manzer Electric LLC,Michael,electrical,high,R-11,362416,(480) 243-1864,Queen Creek,85142,,,
mcja-lath-stucco-llc,MCJA Lath & Stucco LLC,Carlos,carpentry,high,CR-61,362414,(520) 627-4647,TUCSON,85713,,,
trade-winds-heating-cooling-llc,Trade Winds Heating & Cooling LLC,Michael,hvac,high,CR-39,362412,(520) 208-5122,TUCSON,85747,,,
bi-tan,Bi Tan,Bi,general,high,B-1,362408,(626) 265-6973,Alhambra,91801,,,
cisco-eagle-inc,"CISCO-EAGLE, INC.",Eric,general,high,B-1,362407,(918) 622-9010,tulsa,74146,,,
cisco-landcare-llc,"Cisco Landcare, LLC",Francisco,landscaping,high,CR-21,362406,(480) 297-9137,El Mirage,85335,,,
paganelli-hvac-llc,Paganelli HVAC LLC,Michael,hvac,high,CR-39,362405,(480) 519-7724,San Tan Valley,85140,,,
spear-l-fencing-llc,Spear L Fencing LLC,Zachary,fencing,high,CR-14,362404,(575) 313-7483,Pima,85543,,,
peacework-painting-professionals-llc,Peacework Painting Professionals LLC,Daijah,painting,high,CR-34,362398,(602) 583-0133,Peoria,85345,,,
mountain-west-electrical-llc,"Mountain West Electrical, LLC",Nathan,electrical,high,CR-11,362396,(801) 592-3048,Lehi,84043,,,
guanda-liang,Guanda Liang,Guanda,general,high,B-1,362395,(626) 554-4892,Alhambra,91801,,,
kg-industrial-services-llc,K&G Industrial Services LLC,Ralph,general,high,B-1,362392,(801) 521-5200,Salt Lake City,84101,,,
summer-daze-pools-and-spas-llc,Summer Daze Pools and Spas LLC,Dustin,pools,high,B-5,362388,(602) 989-1997,Phoenix,85016,,,
j-s-excavation-llc,J & S Excavation LLC,Josh,septic,high,CR-41,362382,(928) 499-7232,Kingman,86413,,,
orange-construction-group-llc,Orange Construction Group LLC,Steven,general,high,KB-1,362381,(321) 693-0107,Merritt Island,32952,,,
alamos-industries-llc,Alamos Industries LLC,Cade,general,high,A,362379,(480) 293-3045,Tempe,85282,,,
heros-steel-llc,HEROS STEEL LLC,Cristian,steel,high,CR-17,362374,(623) 428-5353,MESA,85207,,,
paragon-av-llc,Paragon AV LLC,Travis,lowvoltage,high,CR-67,362371,(480) 528-0375,APACHE JCT,85120,,,
cabinets-r-e-custom-llc,Cabinets R-E Custom LLC,Esmeralda,carpentry,high,CR-60,362370,(623) 522-0792,PHOENIX,85051,,,
belicos-mora-llc,Belico's Mora LLC,Refugio,glass,high,CR-65,362368,(623) 231-1071,Avondale,85392,,,
ac-near-me-heating-cooling-llc,AC Near Me Heating & Cooling LLC,MELIA,hvac,high,CR-39,362366,(480) 217-7791,SAN TAN VALLEY,85143,,,
weldstrong-llc,WeldStrong  LLC,Benjamin,welding,high,CR-24,362362,(480) 401-2471,Mesa,85203,,,
handyman-val-llc,Handyman Val LLC,Valerii,handyman,high,R-62,362361,(480) 616-3990,Phoenix,85040,,,
the-water-guy-plumbing-llc,The Water Guy Plumbing LLC,Travis,plumbing,high,CR-37,362358,(480) 789-2370,MESA,85205,,,
desert-standard-pool-service-llc,Desert Standard Pool Service LLC,James,pools,high,CR-6,362357,(602) 291-6545,TEMPE,85283,,,
dust-born-hardscapes-llc,Dust Born Hardscapes LLC,Connor,landscaping,high,CR-21,362354,(623) 258-1800,SURPRISE,85387,,,
rogue-welding-services-llc,ROGUE WELDING SERVICES LLC,Cody,steel,high,CR-17,362352,(602) 752-4133,BUCKEYE,85326,,,
gw-contracting-llc,GW Contracting LLC,George,handyman,high,R-62,362350,(623) 363-4931,Great Falls,59405,R-13|CR-36,,
brix-paving-national-inc,Brix Paving National Inc,Justin,asphalt,high,CR-69,362348,(503) 570-9355,Tualatin,97062,C-9,,
wilson-industrial-services-inc,"WILSON INDUSTRIAL SERVICES, INC",Ryder,carpentry,high,CR-60,362344,(714) 278-3434,Tempe,85281,C-11,,
western-hydro-engineering-llc,Western Hydro Engineering LLC,Steven,welldrilling,high,A-4,362343,(520) 656-7595,Cochise,85606,CR-53,,
nevarez-pool-plastering-llc,Nevarez Pool Plastering LLC,SOLANGEL,masonry,medium,CR-36,362341,(623) 296-8587,Avondale,85323,,,
montes-power-solutions-llc,Montes Power Solutions LLC,Armando,electrical,high,CR-11,362339,(602) 828-6011,Maricopa,85138,,,
straightedge-fire-protection-services-llc,Straightedge Fire Protection Services LLC,Bryan,fireprotection,high,CR-16,362336,(888) 409-6658,Bonita,91902,,,
bloom-boulder-outdoor-living-llc,"Bloom & Boulder Outdoor Living, LLC",Amanda,landscaping,high,CR-21,362333,(480) 910-2115,Phoenix,85048,,,
gracee-construction-llc,Gracee Construction LLC,Jesus,general,high,KB-1,362331,(915) 449-3637,TOLLESON,85353,,,
arizona-mighty-plumbing-llc,Arizona Mighty Plumbing LLC,Emanuel,plumbing,high,CR-37,362330,(520) 987-2702,Rio Rico,85648,,,
desert-canyon-drywall-llc,Desert Canyon Drywall LLC,Roberto,sheetrock,high,CR-10,362326,(480) 393-9468,PHOENIX,85019,,,
bk-contracting-llc,B&K Contracting LLC,Kirk,excavating,high,CR-2,362323,(480) 798-9506,Queen Creek,85142,,,
matrix-solutions-az-llc,Matrix Solutions AZ LLC,Michael,sheetrock,high,C-10,362322,(602) 400-1300,Phoenix,85085,,,
glass-warriors-llc,Glass Warriors LLC,Pedro,glass,high,CR-65,362320,(520) 528-4773,Tucson,85746,,,
sonoran-valley-restoration-llc,Sonoran Valley Restoration LLC,Carlos,general,high,KB-2,362317,(240) 643-3485,Tucson,85747,,,
quick-start-painting-drywall-llc,QUICK START PAINTING & DRYWALL LLC,Pamela,sheetrock,high,CR-10,362314,(602) 472-8834,PHOENIX,85042,CR-34,,
alpine-plumbing-and-rooter-az-inc,ALPINE PLUMBING AND ROOTER AZ INC,Vincent,plumbing,high,CR-37,362311,(626) 513-1852,Le Verne,91750,,,
four-seasons-contracting-of-mn-inc,"Four Seasons Contracting of MN, Inc.",Jesse,general,high,B,362310,(320) 493-6313,St Cloud,56303,,,
noble-general-contractor-llc,Noble General Contractor LLC,Robert,electrical,medium,KB-1,362306,(928) 800-2964,Prescott Valley,86314,CR-11,,
v-v-construction-and-electrical-inc,V & V  CONSTRUCTION AND ELECTRICAL INC,Vladimir,electrical,high,CR-11,362302,(650) 346-6861,Belmont,94002,KB-1,,
jorge-becerril-molina,Jorge Becerril Molina,Jorge,hvac,high,CR-39,362301,(909) 770-0447,Fullerton,92836,,,
l-f-construction-llc,L & F CONSTRUCTION LLC,Fredy,excavating,high,R-2,362299,(480) 709-3516,Mesa,85213,R-57,,
reno-plumbing-llc,Reno Plumbing LLC,Christian,plumbing,high,CR-37,362298,(520) 347-9995,Tucson,85713,,,
jiiie-builders-llc,JIIIE Builders LLC,James,general,high,B,362291,(928) 237-6680,Chino Valley,86323,,,
green-valley-screens-more-llc,Green Valley Screens & More LLC,Lincoln,awnings,high,R-3,362287,(520) 332-2471,Green Valley,85614,,,
gonzalez-concrete-construction-llc,Gonzalez Concrete Construction LLC,Anast,concrete,high,CR-9,362285,(520) 354-0627,Rio Rico,85648,,,
shower-glass-installation-llc,Shower Glass Installation LLC,Michael,glass,high,CR-65,362283,(602) 292-3263,TEMPE,85288,,,
redline-repairs-llc,Redline Repairs LLC,Kyle,handyman,high,R-62,362279,(520) 975-2715,Tucson,85748,,,
altitude-roofing-az-llc,Altitude Roofing AZ LLC,German,roofing,high,CR-42,362275,(602) 727-6696,Phoenix,85008,,,
yellow-bell-landscaping-llc,Yellow Bell Landscaping LLC,Ricardo,landscaping,high,CR-21,362273,(480) 334-8117,Mesa,85204,,,
az-low-volt-specialist-llc,AZ Low Volt Specialist LLC,Keith,electrical,high,CR-11,362268,(480) 799-4440,Mesa,85206,,,
singular-desert-innovations-inc,"SINGULAR DESERT INNOVATIONS, INC.",Michael,general,high,A,362263,(415) 640-7773,San Francisco,94104,B-1,,
sapper-restoration-llc,SAPPER RESTORATION LLC,Jesus,general,high,KB-2,362261,(480) 404-4343,QUEEN CREEK,85142,,,
lc-builders-llc,LC BUILDERS LLC,Martin,fencing,high,CR-14,362260,(520) 982-8517,TUCSON,85756,,,
grand-canyon-roofing-llc,Grand Canyon Roofing LLC,Casey,roofing,high,CR-42,362259,(928) 612-3004,PRESCOTT VALLEY,86314,,,
the-paper-haus-llc,The Paper Haus LLC,Pamela,painting,high,CR-34,362256,(480) 773-3737,Phoenix,85016,,,
amalayon-llc,AMALAYON LLC,He,electrical,medium,B-1,362255,(602) 662-8985,Tolleson,85353,C-11,,
altiora-llc,Altiora LLC,Carlos,fencing,high,R-14,362244,(786) 315-8464,Phoenix,85016,,,
bettr-electric-llc,BETTR Electric LLC,Markus,electrical,high,CR-11,362243,(701) 651-6155,Queen Creek,85142,,,
sure-flow-plumbing-inc,Sure Flow Plumbing Inc,Anthony,plumbing,high,C-37,362239,(818) 635-7957,Simi Valley,93065,,,
dog-contracting-az-llc,"DOG CONTRACTING AZ, LLC",Irwin,pools,high,CR-6,362236,(602) 693-5987,Phoenix,85017,KA-5,,
jgs-landscaping-llc,JG'S LANDSCAPING LLC,Jesus,landscaping,high,CR-21,362235,(480) 265-1511,San Tan Valley,85143,CR-3,,
az-solar-services-llc,AZ SOLAR SERVICES LLC,Miguel,electrical,high,CR-11,362234,(623) 252-7036,SURPRISE,85379,,,
telamon-technologies-corp,TELAMON TECHNOLOGIES CORP,Kurt,general,high,B-1,362232,(317) 818-6888,CARMEL,46032,,,
day-mgmt-corporation-fn,Day MGMT Corporation (FN),adrian,lowvoltage,high,C-67,362229,(503) 659-1240,Milwaukie,97226,C-11,,
royal-blueprint-construction-llc,ROYAL BLUEPRINT CONSTRUCTION LLC,Pablo,general,high,KB-2,362228,(480) 437-0035,WADDELL,85355,,,
mpa-contracting-llc,M.P.A. Contracting LLC,GEREMY,general,high,KB-1,362224,(951) 255-6070,MESA,85201,,,
gt-construction-llc,GT CONSTRUCTION LLC,CESAR,electrical,medium,KB-1,362220,(602) 510-2460,PHOENIX,85015,R-11,,
intellitech-mechanical-llc,"IntelliTech Mechanical, LLC",Bradley,hvac,high,CR-39,362216,(480) 793-1949,Phoenix,85027,,,
lux-built-construction-restoration-llc,Lux Built Construction & Restoration LLC,James,roofing,high,CR-42,362215,(480) 798-0763,Maricopa,85138,KB-2,,
jones-media-inc,JONES MEDIA INC,Jared,signs,high,C-38,362206,(702) 645-0092,Phoenix,85016,,,
walsh-reclamation-inc,Walsh Reclamation Inc,CRAIG,excavating,high,A-5,362204,(775) 778-0303,Elko,89801,,,
ochoa-electrical-llc,Ochoa Electrical LLC,Marvin,electrical,high,R-11,362203,(602) 545-8660,Phoenix,85029,C-11,,
sasquatch-electric-llc,SASQUATCH ELECTRIC LLC,Jeffrey,electrical,high,CR-11,362201,(480) 326-3716,San Tan Valley,85140,,,
green-tanner-industrial-construction-llc,Green Tanner Industrial Construction LLC,Maurice,electrical,medium,A,362199,(909) 964-9172,Chandler,85248,KB-1|CR-11|A-17,,
frontier-electric-of-washington-inc,"Frontier Electric of Washington, Inc.",Larry,electrical,high,C-11,362197,(360) 892-4342,Vancouver,98662,,,
john-mahany-plumbing-inc,"John Mahany Plumbing, Inc",Morris,plumbing,high,C-37,362196,(760) 365-5625,Phoenix,85016,,,
smithey-enterprises-llc,SMITHEY ENTERPRISES LLC,Larry,septic,high,CR-41,362195,(970) 978-6091,Wickenburg,85390,,,
big-dipper-pools-llc,Big Dipper Pools LLC,Jesse,pools,high,CR-6,362194,(602) 586-0204,Surprise,85379,,,
prep-paint-llc,PREP & PAINT LLC,Eder,painting,high,CR-34,362193,(623) 210-5035,GLENDALE,85301,,,
480coatings-llc,480COATINGS LLC,Patrick,handyman,high,R-62,362192,(480) 299-3859,QUEEN CREEK,85142,,,
the-improvement-guys-llc,THE IMPROVEMENT GUYS LLC,Mark,handyman,high,R-62,362188,(480) 217-8310,Phoenix,85041,,,
pro-audio-video-inc,"Pro Audio Video, Inc",Roderick,lowvoltage,high,C-67,362187,(305) 875-8000,Miami,33161,,,
am-global-ventures-llc,"AM Global Ventures, LLC",Lawrence,general,high,KB-2,362186,(602) 292-4059,PHOENIX,85051,,,
western-river-customs-llc,Western River Customs LLC,Steven,electrical,medium,KB-1,362182,(928) 499-0859,New river,85087,CR-11,,
reddens-mobile-welding-fabrication-llc,Reddens Mobile Welding & Fabrication LLC,Jeffrey,fencing,high,R-14,362181,(520) 510-4075,Casa Grande,85122,,,
az-service-pros-llc,AZ Service Pros LLC,Alan,electrical,high,R-11,362180,(602) 390-0948,Phoenix,85028,C-11,,
sonoran-bloom-contracting-llc,Sonoran Bloom Contracting LLC,Michael,excavating,high,CR-2,362179,(623) 287-5867,New River,85087,CR-9,,
josephson-custom-builders-llc,"JOSEPHSON CUSTOM BUILDERS, LLC",Nicholas,general,high,KB-2,362178,(520) 850-2805,TUCSON,85750,,,
daltco-llc,DALTCO LLC,Patrick,general,high,B,362177,(520) 965-2167,Hereford,85615,,,
ronnies-handyman-and-home-service-llc,RONNIE'S HANDYMAN AND HOME SERVICE LLC,Justin,general,high,B-3,362176,(520) 297-8724,Tucson,85704,,,
southwest-plastering-lhc-llc,Southwest Plastering LHC LLC,Arturo,masonry,medium,CR-36,362175,(928) 412-1254,Lake Havasu City,86404,,,
miller-flooring-installations-inc,"Miller Flooring Installations, INC",Sean,flooring,high,CR-8,362174,(909) 486-4245,Big Bear City,92314,,,
tjm-site-services-llc,TJM Site Services LLC,Tanner,excavating,high,CR-2,362173,(928) 978-4502,Gilbert,85234,,,
stoneco-llc,StoneCo LLC,Isaac,landscaping,high,CR-21,362170,(520) 668-8045,tucson,85730,,,
sapper-electric-llc,Sapper Electric LLC,Jesus,electrical,high,CR-11,362169,(928) 430-9904,SAN LUIS,85349,,,
ces-partners-llc,CES PARTNERS LLC,Gary,general,high,A,362168,(361) 537-5013,Conroe,77304,,,
az-builder-solutions-llc,AZ Builder Solutions LLC,Finias,flooring,high,CR-8,362165,(623) 336-1707,Phoenix,85027,KB-1,,
oxygen-landscape-llc,"Oxygen Landscape, LLC",Ruben,landscaping,high,CR-21,362164,(480) 415-8120,Phoenix,85016,,,
baldwin-pools-service-and-repair-llc,BALDWIN POOLS SERVICE AND REPAIR LLC,Cale,pools,high,CR-6,362163,(602) 885-4110,VAIL,85641,,,
flo-rite-plumbing-llc,Flo-Rite Plumbing LLC,Jeffrey,plumbing,high,R-37R,362161,(602) 879-9455,Phoenix,85007,,,
chengjun-huang,Chengjun Huang,Chengjun,hvac,high,C-58,362160,(626) 554-4892,Alhambra,91801,,,
ehl-underground-solutions-llc,EHL UNDERGROUND SOLUTIONS LLC,Haralabos,excavating,high,CR-2,362159,(321) 285-5022,Orlando,32808,,,
sunset-state-pools-llc,Sunset State Pools LLC,Joseph,pools,high,B-5,362158,(520) 820-7295,Marana,85653,,,
francis-energy-charging-llc,"Francis Energy Charging, LLC",Michael,general,high,B-1,362157,(800) 489-1588,Tulsa,74103,,,
alaskan-air-conditioning-heating-inc,Alaskan Air Conditioning & Heating Inc,Ronald,insulation,high,R-40,362155,(480) 446-7788,Tempe,85282,CR-39,,
lu-song-zhao,Lu Song Zhao,Lu,general,high,B-1,362154,(626) 990-8989,Alhambra,91801,,,
jinlei-shen,Jinlei Shen,Jinlei,steel,medium,B-1,362153,(626) 554-3750,Alhambra,91801,A-11,,
city-plumbing-rooter-az-llc,"City Plumbing & Rooter AZ, LLC",Paul,plumbing,high,CR-37,362148,(833) 747-3973,Prescott Valley,86314,,,
priorityone-roofing-llc,PriorityOne Roofing LLC,Michael,roofing,high,CR-42,362145,(928) 830-2963,PRESCOTT VALLEY,86314,,,
primoris-renewable-energy-inc,PRIMORIS RENEWABLE ENERGY INC,Hiteshkumar,electrical,medium,A,362143,(720) 610-7369,Aurora,80011,C-11|A|C-11,,
paredes-ac-llc,PAREDES A/C LLC,JESUS,hvac,high,CR-39,362142,(480) 363-3194,SCOTTSDALE,85257,,,
unity-works-lighting-llc,Unity Works Lighting LLC,Andrew,electrical,high,C-11,362136,(770) 575-2202,Alpharetta,30005,,,
siri-air-llc,Siri Air LLC,Matthew,hvac,high,CR-39,362132,(480) 680-8003,PHOENIX,85043,,,
pennington-premier-services-llc,Pennington Premier Services LLC,Jess,electrical,high,CR-11,362131,(480) 388-6781,Gilbert,85234,CR-37,,
assurance-plumbing-of-arizona-llc,Assurance Plumbing of Arizona LLC,David,plumbing,high,CR-37,362130,(503) 593-8475,PEORIA,85383,,,
lincoln-brayer,Lincoln Brayer,Lincoln,handyman,high,R-62,362129,(520) 548-8156,Sahuarita,85629,,,
premier-az-home-services-llc,"PREMIER AZ HOME SERVICES, LLC",Jorge,hvac,high,CR-39,362128,(602) 418-7569,PHOENIX,85032,,,
clean-slate-demolition-and-remodeling-llc,Clean Slate Demolition and Remodeling LLC,Douglas,general,high,B,362127,(480) 729-2710,Mesa,85208,,,
vital-home-solutions-llc,VITAL HOME SOLUTIONS LLC,James,hvac,high,CR-39,362126,(602) 451-4425,Mesa,85209,,,
prime-builds-llc,PRIME BUILDS LLC,Alejandro,general,high,KB-2,362125,(520) 907-2580,Tucson,85706,,,
brad-harold-lindsay,Brad Harold Lindsay,Brad,hvac,high,R-39,362123,(602) 300-9332,Phoenix,85022,R-39,,
klimate-king-ac-ductless-llc,"Klimate King Ac & Ductless, LLC",Jose,hvac,high,CR-39,362119,(602) 721-9066,LITCHFIELD PARK,85340,,,
do-it-all-contracting-llc,Do IT All Contracting LLC,Gerardo,general,high,KB-1,362116,(520) 632-9760,BUCKEYE,85396,,,
east-valley-firefly-lights-llc,East Valley Firefly Lights LLC,Amadeo,electrical,high,CR-11,362115,(480) 567-5192,Mesa,85209,,,
systemcom-us-inc,SYSTEMCOM US INC.,Raymond,electrical,medium,KB-1,362113,(623) 688-8088,Phoenix,85016,CR-11,,
pegasus-contracting-llc,Pegasus Contracting LLC,Glenn,electrical,high,CR-11,362112,(623) 764-0961,Surprise,85387,,,
bakers-dozen-roofing-llc,Baker's Dozen Roofing LLC,Benjamin,roofing,high,R-42,362110,(520) 820-2739,Tucson,85749,,,
slaten-construction-inc,Slaten Construction Inc.,Karen,general,high,B-1,362108,(630) 330-3772,Geneva,60134,,,
jps-az-pool-investors-1-llc,JPS AZ Pool Investors 1 LLC,Daniel,pools,high,CR-6,362102,(612) 501-1743,KRUM,76249,,,
southwest-sawcutting-milling-llc,Southwest SawCutting & Milling LLC,Andrew,signs,high,C-38,362100,(602) 788-2222,Phoenix,85024,CR-69|A,,
xiaquan-cai,Xiaquan Cai,Xiaquan,general,high,B-1,362097,(626) 554-4892,Alhambra,91801,,,
desert-sun-protection-inc,"DESERT SUN PROTECTION, INC.",Ronald,carpentry,high,R-61,362095,(602) 743-6749,SAN TAN VALLEY,85140,,,
tradehouse-air-conditioning-heating-llc,"TRADEHOUSE AIR CONDITIONING & HEATING, LLC",Thomas,hvac,high,CR-39,362089,(623) 745-5625,PEORIA,85383,,,
steve-thomas-morisky,Steve Thomas Morisky,Steve,electrical,high,CR-11,362088,(520) 443-0060,Tucson,85704,,,
independent-electric-engineering-inc,"Independent Electric & Engineering, Inc.",Tyson,electrical,high,CR-11,362087,(951) 775-1873,Wildomar,92595,A,,
arizona-smart-builders-llc,ARIZONA SMART BUILDERS LLC,Norma,sheetrock,high,CR-10,362074,(602) 768-7507,TEMPE,85282,,,
the-headley-group-llc,THE HEADLEY GROUP LLC,William,general,high,B-1,362073,(602) 769-3092,Scottsdale,85255,,,
sierra-ridge-landscaping-llc,SIERRA RIDGE LANDSCAPING LLC,Michael,landscaping,high,CR-21,362071,(623) 826-5831,Whittmann,85361,,,
scottsdale-construction-llc,Scottsdale Construction LLC,Meera,general,high,KB-1,362070,(602) 585-8632,Scottsdale,85251,,,
peter-puentes,Peter Puentes,Peter,electrical,high,CR-11,362067,(951) 807-0054,Murrieta,92563,,,
pioneer-home-services-llc,PIONEER HOME SERVICES LLC,Robert,carpentry,high,CR-60,362066,(928) 455-1093,KINGMAN,86401,,,
bluplanet-llc,"BluPlanet, LLC",Robert,general,high,KB-1,362065,(480) 931-7141,Mayer,86333,,,
az-independence-solar-llc,"AZ Independence Solar, LLC",Jason,electrical,high,CR-11,362064,(602) 920-2549,Prescott Valley,86315,CR-12|CR-67,,
valor-pavement-solutions-inc,Valor Pavement Solutions Inc,James,asphalt,high,A-14,362061,(480) 749-8138,Phoenix,85085,KB-1,,
electrical-technologies-consultants-llc,Electrical Technologies Consultants LLC,Wilson,electrical,high,CR-11,362056,(903) 490-0590,Tucson,85746,,,
a2z-remodel-llc,A2Z REMODEL LLC,Kenneth,carpentry,medium,B-3,362055,(928) 519-8006,SCOTTSDALE,85259,C-61,,
claytek-inc,CLAYTEK INC.,David,electrical,high,CR-11,362054,(626) 373-3176,PHOENIX,85029,,,
priority-homes-solution-llc,"Priority Homes Solution, LLC",Christopher,handyman,high,R-62,362052,(520) 624-1206,TUCSON,85705,,,
watson-son-construction-handyman-llc,watson & son construction / handyman llc,Lothar,handyman,high,R-62,362050,(480) 758-1453,SAN TAN VALLEY,85140,,,
pelican-remodeling-llc,Pelican Remodeling LLC,Marilyn,carpentry,high,CR-61,362048,(602) 500-1571,PHOENIX,85032,,,
royal-contracting-pro-llc,Royal Contracting Pro LLC,Gustavo,excavating,high,R-2,362046,(928) 899-4998,PRESCOTT VALLEY,86314,R-14|CR-24,,
dmg-sc-llc,"DMG SC, LLC",Victor,hvac,high,CR-39,362044,(562) 692-1277,Orange,92865,,,
nextlevel-fabrications-llc,"Nextlevel Fabrications, LLC",Obed,welding,high,CR-56,362040,(602) 326-1017,Phoenix,85008,KB-2,,
moscas-custom-painting-llc,Moscas Custom Painting LLC,Manuel,sheetrock,high,CR-10,362039,(602) 592-7340,Phoenix,85029,CR-34,,
contreras-foam-roofing-llc,CONTRERAS FOAM ROOFING LLC,Sherlin,roofing,high,CR-42,362037,(602) 819-2442,PHOENIX,85040,,,
ermara-construction-llc,ERMARA CONSTRUCTION LLC,Ramon,sheetrock,high,CR-10,362036,(623) 221-0637,GLENDALE,85303,,,
cindi-lou-wells,Cindi Lou Wells,Cindi,general,high,KB-1,362030,(310) 753-1643,Hermosa Beach,90254,,,
j-c-compton-enterprises-inc,J C  Compton Enterprises Inc,Joshua,excavating,high,R-2,362027,(623) 523-7508,Tempe,85283,C-67,,
vl-construction-llc,VL Construction LLC,Carlos,hvac,high,CR-79,362026,(928) 234-4510,Ft. Mohave,86426,KA|CR-11|KB-2|CR-37,,
jpk-electric-handyman-services-llc,JPK ELECTRIC HANDYMAN SERVICES LLC,Joshua,electrical,high,CR-11,362025,(928) 208-0846,Lake Havasu,86403,,,
solution-munoz-llc,Solution Munoz LLC,Carlos,general,high,KB-2,362021,(602) 359-0874,PHOENIX,85042,,,
hyojin-america-inc,Hyojin America Inc,Phil,electrical,high,C-11,362017,(470) 388-4888,Winder,30680,,,
pool-equipment-shades-llc,Pool Equipment Shades LLC,Daniel,awnings,high,CR-3,362015,(480) 343-2862,Phoenix,85028,,,
best-floor-coatings-llc,Best Floor Coatings LLC,Fernando,painting,high,CR-34,362013,(602) 330-6857,Mesa,85204,R-62,,
proline-flooring-llc,Proline Flooring LLC,Loredana,flooring,high,CR-8,362010,(623) 606-6577,Peoria,85383,B,,
928-contracting-llc,928 Contracting LLC,Morgan,general,high,KB-1,362006,(928) 713-9738,Prescott,86301,,,
vps-maintenance-llc,VPS Maintenance LLC,Ryan,handyman,high,R-62,362003,(480) 787-1028,Scottsdale,85260,,,
desert-elite-plumbing-llc,Desert Elite Plumbing LLC,Joel,plumbing,high,R-37R,362000,(480) 438-5037,Mesa,85207,C-37,,
smj-mechanical-llc,SMJ Mechanical LLC,Ryan,hvac,high,CR-39,361998,(480) 338-5586,Mesa,85215,,,
legacy-bath-llc,Legacy Bath LLC,Lester,general,high,B-3,361997,(623) 414-9591,FLORENCE,85132,,,
camelback-construction-services-llc,CAMELBACK CONSTRUCTION SERVICES LLC,Zachary,sheetrock,high,CR-10,361990,(480) 694-5209,PHOENIX,85018,KB-2,,
tri-point-electric-llc,TRI-POINT ELECTRIC LLC.,Tyler,electrical,high,CR-11,361989,(602) 696-6279,PHOENIX,85021,,,
iron-king-metal-works-llc,Iron King Metal Works LLC,Benjamin,welding,high,CR-24,361986,(928) 237-6547,Humboldt,86329,,,
elevate-home-maintenance-handyman-services-inc,Elevate Home Maintenance & Handyman Services Inc.,Christopher,handyman,high,R-62,361985,(623) 229-7536,LITCHFIELD PARK,85340,,,
roofing-professionals-llc,Roofing Professionals LLC,Donald,roofing,high,CR-42,361984,(682) 777-6197,Flower Mound,75022,,,
perfection-az-painting-llc,Perfection AZ Painting LLC,Fatima,painting,high,CR-34,361983,(602) 301-7084,PHOENIX,85037,,,
verdi-group-llc,Verdi Group LLC,Jethro,general,high,B-2,361976,(209) 324-3518,Waterford,95386,,,
chameleon-painting-llc,Chameleon Painting LLC,Stephen,painting,high,CR-34,361973,(307) 202-1712,Mesa,85201,,,
agape-doors-llc,Agape Doors LLC,Hector,carpentry,high,R-60,361972,(602) 935-5307,Phoenix,85043,C-60,,
heavenly-home-solutions-llc,Heavenly Home Solutions LLC,Tony,pools,medium,B,361970,(623) 298-9335,Surprise,85379,CR-6,,
oenex-llc,Oenex LLC,Jeffrey,tile,high,CR-48,361968,(520) 401-2092,Tucson,85713,R-60|KB-2,,
redpointe-landscaping-llc,RedPointe Landscaping LLC,Francisca,landscaping,high,CR-21,361967,(602) 384-7484,PHOENIX,85043,,,
ray-wall-drywall-llc,RAY-WALL DRYWALL LLC,Ray,sheetrock,high,CR-10,361962,(623) 418-0664,Phoenix,85037,,,
mint-construction-llc,Mint Construction LLC,Nicholas,general,high,B-1,361961,(801) 996-3646,Sandy,84047,,,
xtreme-backyards-llc,Xtreme backyards LLC,Quentin,landscaping,medium,B-4,361960,(480) 528-6875,Queen Creek,85142,CR-21,,
affirmative-underground-llc,Affirmative Underground LLC,Robert,welldrilling,high,A-4,361959,(602) 437-1220,Tempe,85282,,,
renewal-painting-solutions-llc,Renewal Painting Solutions LLC,Kevin,painting,high,CR-34,361958,(347) 229-4473,BUCKEYE,85396,,,
black-mountain-systems-llc,"BLACK MOUNTAIN SYSTEMS, LLC",Ryan,roofing,high,R-42,361957,(480) 438-4401,Phoenix,85016,,,
hoey-construction-llc,Hoey Construction LLC,David,general,high,B,361954,(949) 412-2763,PRESCOTT VALLEY,86314,,,
the-sun-company-california-inc,"THE SUN COMPANY CALIFORNIA, INC.",Emmett,general,high,B-1,361953,(415) 858-9091,TUCSON,85749,,,
northstar-property-development-llc,"NorthStar Property Development, LLC",Jose,excavating,high,A-5,361952,(480) 528-6802,Congress,85332,R-2,,
james-low,James Low,James,plumbing,high,CR-37,361949,(702) 622-8380,Henderson,89074,,,
mike-matzke-roofing-and-construction-llc,Mike Matzke Roofing and Construction L.L.C.,Michael,roofing,high,CR-42,361947,(760) 595-5550,Yuma,85364,KB-1,,
backyard-structures-of-arizona-llc,Backyard Structures of Arizona LLC,Jeremy,general,high,B-3,361944,(480) 709-9512,APACHE JUNCTION,85119,,,
928-construction-llc,"928 Construction, LLC",Adam,septic,medium,KB-2,361941,(928) 821-9667,Flagstaff,86005,CR-41,,
prestige-ironworks-llc,Prestige Ironworks LLC,Anthony,welding,high,CR-24,361940,(602) 919-3882,GLENDALE,85306,,,
sentinel-interior-finishes-llc,Sentinel Interior Finishes LLC,David,carpentry,high,CR-60,361939,(602) 459-0760,Phoenix,85040,CR-10,,
ellsworth-home-services-llc,Ellsworth Home Services LLC,Colton,plumbing,high,R-37R,361935,(480) 593-2265,Gilbert,85233,CR-40|CR-39,,
ae-contracting-llc,A&E Contracting LLC,Emad,general,high,KB-2,361931,(480) 434-7171,Mesa,85202,,,
agtech-concrete-inc,AGTECH CONCRETE INC,Jonathan,concrete,high,CR-9,361929,(928) 642-2586,Prescott Valley,86314,,,
gage-cade-construction-llc,"Gage & Cade Construction, LLC",Garrett,general,high,B-1,361927,(512) 379-8176,Bertram,78605,,,
arctic-wolf-refrigeration-llc,Arctic Wolf Refrigeration LLC,Kenny,hvac,high,CR-39,361926,(480) 498-9146,Avondale,85323,,,
sky-country-heating-cooling-inc,"SKY COUNTRY HEATING & COOLING, INC",Adam,hvac,high,R-39R,361923,(435) 313-1889,Hurricane,84737,,,
jones-heating-cooling-llc,Jones Heating & Cooling LLC,Dustin,hvac,high,CR-39,361920,(602) 849-0819,Mesa,85207,,,
gibsons-renovations-llc,Gibson's Renovations LLC,Ervin,general,high,KB-2,361919,(602) 332-6694,PEORIA,85383,,,
3-bar-3-civil-corp,"3 Bar 3 Civil, Corp",Clayton,general,high,KB-1,361918,(520) 455-4740,Sonoita,85637,,,
phoenix-sa-of-pennsylvania-llc,"Phoenix SA of Pennsylvania, LLC",Michael,general,high,B-1,361912,(215) 605-6049,Warminster,18974,,,
west-tek-construction-llc,West Tek Construction LLC,Melvin,electrical,high,CR-11,361911,(435) 704-0921,Cedar City,84721,,,
corrquest-automation-inc,"Corrquest Automation, Inc.",Christopher,electrical,high,CR-11,361909,(503) 305-3810,Albany,97321,,,
utility-metering-solutions-llc,Utility Metering Solutions LLC,Allen,electrical,high,C-11,361901,(985) 634-9942,Hammond,70401,,,
a-squared-electric-inc,A SQUARED ELECTRIC INC,Anthony,electrical,high,R-11,361900,(518) 477-3251,Mesa,85207,,,
sapphire-plumbing-company-llc,SAPPHIRE PLUMBING COMPANY LLC,Carlos,carpentry,high,CR-61,361896,(520) 369-8892,Tucson,85746,R-37R,,
coles-elite-concrete-llc,COLE'S ELITE CONCRETE LLC,Ryan,concrete,high,CR-9,361895,(480) 843-5523,Santan Valley,85144,,,
smilys-electrical-services-llc,SMILY'S ELECTRICAL SERVICES LLC,Adrian,electrical,high,CR-11,361894,(520) 236-0877,Tucson,85756,,,
chap-glazing-llc,"Chap Glazing, LLC",Bryan,glass,high,CR-65,361893,(480) 834-2375,Gilbert,85233,,,
rr-constructions-llc,RR CONSTRUCTIONS LLC,Ricardo,sheetrock,high,CR-10,361892,(956) 570-4354,ORO VALLEY,85737,,,
marlees-construction-llc,Marlee's Construction LLC,Sean,general,high,B-1,361891,(304) 290-7792,Pittsburgh,15241,,,
integra-av-techs-inc,Integra AV Techs Inc,CARLOS,lowvoltage,high,C-67,361889,(562) 375-1565,PHOENIX,92804,,,
arvizus-painting-llc,Arvizu's Painting LLC,Diana,painting,high,CR-34,361888,(928) 246-6562,Somerton,85350,CR-34,,
season-pro-insulation-llc,Season Pro Insulation LLC,Kaden,insulation,high,R-40,361883,(208) 244-0894,Chubbuck,83202,,,
renuity-operations-llc,"Renuity Operations, LLC",Lucas,plumbing,medium,KB-1,361881,(608) 716-7900,Madison,53716,CR-37,,
joseph-lee-leitner,Joseph Lee Leitner,Joseph,handyman,high,R-62,361878,(602) 459-5010,Chino Valley,86323,,,
gw-contracting-llc,GW Contracting LLC,George,handyman,high,R-62,361872,(623) 363-4931,Great Falls,59405,R-13|CR-36,,
remodel-management-usa-llc,REMODEL MANAGEMENT USA L.L.C.,Jon,general,high,B,361864,(480) 252-2248,Gilbert,85298,,,
premier-wood-floors-inc,PREMIER WOOD FLOORS INC,Radu,flooring,high,CR-8,361861,(773) 255-2318,Phoenix,85085,,,
snapp-construction-llc,Snapp Construction LLC,Jordan,general,high,KB-1,361860,(480) 580-3378,Phoenix,85086,,,
du-van-ta,Du Van Ta,Du,general,high,B-1,361859,(626) 265-6973,Alhambra,91801,,,
aa-custom-builders-llc,"AA CUSTOM BUILDERS, LLC",Alexander,general,high,KB-2,361856,(602) 908-3455,Tucson,85704,KB-1,,
fairway-construction-az-company,Fairway Construction AZ Company,Christopher,general,high,B,361851,(951) 830-7807,Wildomar,92595,,,
oasis-electric-llc,Oasis Electric LLC,Nathan,electrical,high,CR-11,361850,(509) 205-4518,Gilbert,85295,,,
phoenix-single-ply-llc,PHOENIX SINGLE PLY LLC,Dewayne,roofing,high,CR-42,361849,(480) 295-0222,Mesa,85212,,,
apex-prime-solutions-llc,APEX Prime Solutions LLC,Jesse,general,high,KB-2,361847,(928) 530-6351,BULLHEAD CITY,86442,,,
sean-lee-burdette,Sean Lee Burdette,Sean,hvac,high,CR-39,361846,(714) 299-0363,Buena Park,90620,,,
e-z-plumbing-tech-llc,"E-Z PLUMBING TECH, LLC",Samuel,plumbing,high,CR-37,361844,(520) 302-1315,Tucson,85706,,,
southwest-home-repair-inc,SOUTHWEST HOME REPAIR INC.,Joshua,plumbing,high,CR-37,361840,(520) 633-1540,Tucson,85718,CR-11,,
a-i-painting-llc,A & I painting LLC,Abel,painting,high,CR-34,361839,(480) 729-1275,Mesa,85202,,,
hofrenning-construction-llc,Hofrenning Construction LLC,Ritchie,general,high,KB-2,361838,(406) 399-6299,Scottsdale,85260,,,
masonry-constructionjoe-medina-llc,"Masonry Construction/Joe Medina, LLC",Joe,masonry,high,CR-31,361837,(602) 760-9204,Phoenix,85007,,,
wy-colt-construction-llc,Wy-Colt Construction LLC,Lawrence,general,high,KB-1,361835,(520) 240-8100,TUCSON,85750,,,
loenbro-llc,"LOENBRO, LLC",Jason,electrical,high,C-11,361834,(406) 453-1542,Westminster,80234,A,,
verduzco-drywall-llc,VERDUZCO DRYWALL LLC,Diana,sheetrock,high,CR-10,361833,(480) 430-6441,Apache Junction,85120,,,
raynes-construction-llc,Rayne's Construction LLC,Kent,general,high,KB-2,361829,(602) 575-1663,MESA,85204,,,
vibrant-building-solutions-llc,Vibrant Building Solutions LLC,Garrett,general,high,KB-2,361828,(928) 710-6134,Prescott (Yavapai),86304,B,,
southwest-home-repair-inc,SOUTHWEST HOME REPAIR INC.,Joshua,plumbing,high,CR-37,361823,(520) 633-1540,Tucson,85718,CR-11,,
martinez-asphalt-llc,Martinez Asphalt LLC.,Juan,general,high,A,361815,(480) 226-1417,Tolleson,85353,,,
eifler-development-llc,Eifler Development LLC,Colton,general,high,KB-1,361814,(602) 653-0563,PHOENIX,85018,,,
zm-fiber-llc,Z&M Fiber LLC,Gretchen,lowvoltage,high,CR-67,361813,(623) 209-4314,Rio Rico,85648,,,
pacificwest-energy-solutions-inc,"PacificWest Energy Solutions, Inc",Craig,general,high,A,361811,(812) 471-5000,Northridge,91324,B-1,,
summit-plumbing-and-air-llc,SUMMIT PLUMBING AND AIR LLC,Jacob,hvac,high,R-39R,361809,(520) 244-8234,Tucson,85730,R-37R,,
arizona-renewable-energy-development-llc,ARIZONA RENEWABLE ENERGY DEVELOPMENT LLC,Wajdi,electrical,high,C-11,361806,(917) 861-6880,Huntington Beach,92648,B-1,,
arizona-fire-solution-group-llc,Arizona Fire Solution Group LLC,Mireya,fireprotection,high,C-16,361805,(602) 689-8628,PHOENIX,85020,,,
z-construction-services-llc,Z Construction Services LLC,Robert,general,high,B-1,361803,(281) 667-8046,Albuquerque,87110,,,
nick-wang,Nick Wang,Nick,hvac,high,C-58,361801,(626) 265-6418,Alhambra,91801,,,
bingham-industrial-services-llc,Bingham Industrial Services LLC,Zachary,hvac,high,C-49,361798,(442) 456-1127,Buckeye,85326,,,
randals-tower-tech-inc,"RANDAL'S TOWER TECH, INC.",Riley,general,high,B-2,361796,(254) 493-7296,Belton,76513,,,
elkay-interior-systems-inc,"ELKAY INTERIOR SYSTEMS, INC.",Steven,carpentry,high,C-7,361792,(800) 837-8373,Milwaukee,53202,,,
xtreme-roofing-llc,XTREME ROOFING LLC,Dayana,roofing,high,CR-42,361789,(520) 332-3997,TUCSON,85706,,,
mercier-dirt-work-llc,Mercier Dirt Work LLC,Jared,septic,high,CR-41,361785,(928) 391-1834,KINGMAN,86401,,,
tmg-mobile-services-inc,"TMG MOBILE SERVICES, INC",Howard,handyman,high,R-62,361784,(480) 404-4223,GLENDALE,85306,,,
black-magic-asphalt-az-llc,Black Magic Asphalt AZ LLC,Madison,asphalt,high,R-13,361783,(435) 265-5048,Logan,84321,,,
dys-construction-az-llc,DYS CONSTRUCTION AZ LLC,Avraham,general,high,B-3,361781,(443) 858-4621,SCOTTSDALE,85253,,,
java-remodeling-llc,JAVA Remodeling LLC,Joseph,general,high,B-3,361780,(480) 277-2055,Queen Creek,85142,,,
guardian-garage-phx-llc,Guardian Garage PHX LLC,Ryan,handyman,high,R-62,361779,(480) 785-6721,Tempe,85283,CR-34|KB-2,,
db-utility-llc,DB Utility LLC,David,electrical,high,CR-11,361778,(801) 541-9421,Austin,78727,,,
garners-plumbing-llc,"Garner's Plumbing, LLC",Garner,plumbing,high,CR-37,361776,(206) 661-9713,Chandler,85249,,,
okland-construction-company-inc,Okland Construction Company Inc,Michael,plumbing,high,C-37,361775,(480) 990-3330,Salt Lake City,84115,C-11|C-4|A|B-1,,
double-m-renovation-llc,Double M Renovation LLC,Mark,sheetrock,high,R-10,361774,(520) 256-2137,Tucson,85715,,,
happy-tails-painting-llc,"Happy Tails Painting, LLC",Denise,painting,high,CR-34,361773,(520) 334-7434,Tucson,85718,,,
mesa-pool-company-llc,"MESA POOL COMPANY, LLC",Clint,pools,high,CR-6,361772,(480) 274-3495,MESA,85203,,,
devalle-construction-llc,DeValle Construction LLC,Auctavius,painting,high,CR-34,361766,(623) 900-1088,PHOENIX,85016,,,
morris-guzman-rodriguez-jr,Morris Guzman Rodriguez Jr.,Morris,plumbing,high,C-37,361763,(760) 365-5625,Yucca Valley,92284,,,
dc-fab-llc,"DC Fab, LLC",Brandon,welding,high,CR-56,361762,(480) 519-2279,MESA,85213,,,
cas-tech-mechanical-llc,CAS Tech Mechanical LLC,David,hvac,high,CR-39,361761,(928) 300-0239,CAVE CREEK,85331,,,
zitting-brothers-construction-llc,Zitting Brothers Construction LLC,Leroy,carpentry,high,CR-7,361760,(435) 635-4068,Hurricane,84737,,,
desert-air-pro-llc,Desert Air Pro LLC,Russell,hvac,high,CR-39,361755,(623) 776-6767,Peoria,85383,,,
wire-electric-llc,Wire Electric LLC,Ryan,electrical,high,CR-11,361753,(616) 340-4000,MARANA,85653,,,
ceg-minnesota-inc,"CEG-MINNESOTA, INC.",Shafqat,general,high,A,361749,(651) 463-6263,Lakeville,55044,,,
diamond-canyon-painting-llc,"Diamond Canyon Painting, LLC",Reymundo,painting,high,CR-34,361743,(520) 647-6214,Tucson,85757,,,
spooner-contracting-llc,Spooner Contracting LLC,John,carpentry,high,C-61,361739,(623) 297-9561,Phoenix,85080,,,
phoenix-blacktop-company-llc,Phoenix Blacktop Company LLC,Christopher,asphalt,high,CR-69,361737,(480) 433-8244,MESA,85209,,,
ckp-xv-llc,CKP-XV LLC,Corey,painting,high,CR-34,361734,(602) 890-3194,Gilbert,85298,,,
stone-oak-construction-design-inc,Stone Oak Construction & Design Inc,Arturo,masonry,medium,KB-1,361733,(970) 909-4695,BUCKEYE,85326,,,
dr-hvac-llc,"DR HVAC, LLC",Brian,hvac,high,CR-39,361732,(623) 396-7027,Phoenix,85016,,,
shepherds-construction-llc,Shepherd's Construction LLC,Robert,plumbing,high,CR-37,361731,(623) 570-5552,Avondale,85392,CR-61,,
luxury-oasis-construction-llc,Luxury Oasis Construction LLC,Robert,general,high,KB-2,361729,(480) 698-5974,Florence,85132,,,
power-peak-roofing-llc,Power Peak Roofing LLC,Fernando,roofing,high,CR-42,361724,(602) 516-9180,San Tan Valley,85140,,,
top-tier-installation-llc,Top Tier Installation LLC,Alivia,handyman,high,R-62,361718,(928) 242-0881,Show Low,85901,,,
foremost-utilities-llc,FOREMOST UTILITIES LLC,Dawnna,excavating,high,CR-2,361717,(800) 431-3078,Birch Tree,65438,,,
blue-sky-fencing-and-outdoor-solutions-llc,Blue Sky Fencing And Outdoor Solutions LLC,Jarrett,fencing,high,R-14,361716,(815) 557-2864,Vail,85641,,,
american-made-landscape-designs-llc,American Made Landscape Designs LLC,Dominic,landscaping,high,CR-21,361715,(480) 455-2213,Queen Creek,85142,,,
action-builders-llc,Action Builders LLC,Cesar,sheetrock,high,CR-10,361714,(575) 621-7095,PHOENIX,85035,,,
agua-nueva-stucco-and-lathing-llc,Agua Nueva Stucco And Lathing LLC,Isidro,masonry,medium,CR-36,361712,(520) 273-5103,Tucson,85756,,,
arizona-hardscape-construction-llc,"Arizona Hardscape & Construction, LLC",Miguel,demolition,medium,KB-2,361711,(928) 542-2307,Bullhead City,86442,CR-57,,
bm-excavation-llc,BM Excavation LLC,James,excavating,high,CR-2,361710,(480) 933-4081,Mesa,85213,,,
primmer-paints-llc,Primmer Paints LLC,Evangeline,painting,high,CR-34,361708,(674) 857-5539,Tucson,85746,,,
bear-down-flooring-llc,Bear Down Flooring LLC,Diego,tile,high,CR-48,361707,(520) 912-5798,TUCSON,85746,CR-8,,
hassayampa-fence-barn-llc,Hassayampa Fence & Barn LLC,Tanner,fencing,high,CR-14,361706,(623) 695-6581,Wittmann,85361,,,
jerryl-llc,JerryL LLC,Gerardo,handyman,high,R-62,361703,(480) 974-4840,Mesa,85201,,,
southland-process-group-llc,Southland Process Group LLC,Chadwick,electrical,high,C-11,361697,(770) 483-2193,Commerce,30530,B-1,,
complete-home-care-llc,Complete Home Care LLC,Christopher,excavating,high,R-2,361693,(480) 298-7220,Mesa,85210,B-5|CR-21,,
g-homez-construction-llc,G-HOMEZ CONSTRUCTION LLC,Claudia,carpentry,high,CR-60,361692,(623) 216-2842,Wittmann,85361,CR-36,,
sandy-bottom-pools-llc,Sandy Bottom Pools LLC,Jonathon,pools,high,R-6,361691,(480) 577-2326,Mesa,85213,,,
clean-air-epoxy-llc,Clean Air Epoxy LLC,Christopher,flooring,high,CR-8,361690,(408) 892-1682,Tempe,85283,,,
apex-infrastructure-technologies-llc,"APEX Infrastructure Technologies, LLC",Steven,excavating,high,CR-2,361684,(980) 837-7996,Matthews,28105,,,
v-t-west-inc,"V-T West, Inc.",Terry,carpentry,high,CR-60,361682,(712) 369-0949,Downey,90241,,,
unlimited-environmental-inc,"Unlimited Environmental, Inc.",William,demolition,high,CR-57,361674,(562) 981-6600,PHOENIX,85016,,,
rescue-one-arizona-llc,Rescue One Arizona LLC,Daniel,hvac,high,CR-39,361672,(562) 353-9054,Tempe,85281,R-37R,,
super-nova-home-renovations-llc,Super Nova Home Renovations LLC,Renardo,general,high,KB-2,361671,(602) 754-4855,Mesa,85213,,,
cvs-masonry-construction-llc,CVS MASONRY CONSTRUCTION LLC,Roberto,masonry,high,CR-31,361669,(623) 205-5109,GLENDALE,85301,,,
innovative-glass-llc,Innovative Glass LLC,Terry,glass,high,CR-65,361667,(480) 228-2692,Gilbert,85296,,,
chill-dudes-comfort-solutions-llc,"Chill Dudes Comfort Solutions, LLC",Aaron,hvac,high,R-39R,361665,(725) 267-4302,Las Vegas,89123,,,
s-s-welding-llc,S & S WELDING LLC,ROSS,steel,high,CR-17,361664,(480) 819-1955,Santan Valley,85140,,,
blueprint-builders-group-llc,Blueprint Builders Group LLC,Adrian,general,high,KB-2,361657,(520) 757-8938,San Tan Valley,85140,,,
mastercraft-premier-construction-llc,MASTERCRAFT PREMIER CONSTRUCTION LLC,Randall,roofing,high,CR-42,361656,(480) 240-8313,Scottsdale,85260,,,
az-legacy-electric-llc,Az Legacy Electric LLC,Jesus,electrical,high,CR-11,361655,(602) 380-4990,PHOENIX,85043,,,
david-leon-dyer-jr,David Leon Dyer Jr,David,handyman,high,R-62,361653,(623) 888-9583,Phoenix,85023,,,
lg-cns-america-inc,"LG CNS AMERICA, INC.",David,lowvoltage,high,CR-67,361651,(201) 266-2451,Englewood,07632,B-1,,
titan-dirt-and-septic-llc,Titan Dirt and Septic LLC,James,excavating,high,R-2,361649,(520) 358-7042,Marana,85658,,,
jgc-concrete-inc,JGC concrete inc,joseph,concrete,high,C-9,361645,(714) 296-0931,Phoenix,85016,,,
richard-b-cachola,Richard B Cachola,Richard,electrical,high,C-11,361644,(623) 670-3831,Phoenix,85043,,,
pristine-plumbing-llc,Pristine Plumbing LLC,Levi,plumbing,high,CR-37,361642,(602) 800-4375,Mesa,85212,CR-39,,
my-duct-cleaners-llc,My Duct Cleaners LLC,Nathan,hvac,medium,CR-45,361638,(800) 833-3594,Phoenix,85023,,,
jp-refrigeration-electric-llc,JP Refrigeration & Electric LLC,Jacob,electrical,high,C-11,361637,(619) 259-9490,Yuma,85364,C-49|CR-39,,
american-leak-detection-inc,"AMERICAN LEAK DETECTION, INC.",Seth,plumbing,high,CR-37,361636,(954) 904-1064,NEW HAVEN,06511,,,
turnkey-home-remodels-llc,TurnKey Home Remodels LLC,Amer,general,high,KB-2,361629,(623) 241-3909,Goodyear,85338,,,
all-temperature-service-air-conditioning-inc,"All Temperature Service Air Conditioning, Inc",James,plumbing,high,CR-37,361625,(408) 926-2718,PHOENIX,85016,CR-39|CR-4|KB-1,,
discount-air-condition-repair-and-installation-of-arizona-llc,Discount Air Condition Repair and Installation of Arizona LLC,Tyler,hvac,high,CR-39,361623,(714) 310-4100,Queen Creek,85142,,,
sparx-solar-inc,"SPARX SOLAR, INC.",Majdy,electrical,medium,KB-2,361622,(708) 845-0888,Phoenix,85017,,,
one-way-garage-doors-llc,One Way Garage Doors LLC,Rudi,carpentry,high,R-60,361621,(623) 250-8172,TOLLESON,85353,,,
pinnacle-peak-plumbing-llc,Pinnacle Peak Plumbing LLC,Jerry,plumbing,high,CR-37,361619,(702) 882-4040,SCOTTSDALE,85255,,,
green-desert-design-llc,GREEN DESERT DESIGN LLC,JORGE,landscaping,high,CR-21,361616,(623) 312-6148,Chandler,85226,,,
blackwolf-customs-llc,BlackWolf Customs LLC,Chris,carpentry,high,R-60,361615,(815) 347-1519,PHOENIX,85017,,,
y-j-painting-and-drywall-llc,"Y & J Painting and Drywall, LLC",Juan,sheetrock,high,CR-10,361614,(602) 721-7258,Buckeye,85326,CR-34,,
luxe-painting-llc,"Luxe Painting, LLC",Stephanie,painting,high,CR-34,361612,(602) 500-1856,PHOENIX,85085,,,
sweet-spot-construction-llc,Sweet Spot Construction LLC,Gregory,general,high,KB-2,361611,(480) 825-0662,Phoenix,85020,,,
johnson-controls-building-solutions-llc,"JOHNSON CONTROLS BUILDING SOLUTIONS, LLC",Scott,lowvoltage,high,C-67,361609,(561) 912-6917,Boca Raton,33431,C-39,,
a-z-roofing-repair-llc,A-Z Roofing Repair llc,John,roofing,high,CR-42,361608,(480) 359-7575,Mesa,85213,,,
arizona-shade-shutter-llc,"ARIZONA SHADE & SHUTTER, LLC",Joseph,general,high,KB-2,361605,(602) 989-1918,Mesa,85212,,,
sdb-inc,"SDB, Inc",Austin,general,high,KB-1,361604,(480) 967-5810,Tempe,85281,B-1|A|B,,
rvo-llc,RVO LLC,Ronald,landscaping,medium,KB-2,361603,(480) 530-1919,RIO VERDE,85263,CR-21,,
monveo-floor-coatings-llc,Monveo Floor Coatings LLC,Eddie,flooring,high,CR-8,361601,(602) 703-3346,Phoenix,85008,,,
adt-water-cleanup-and-restoration-llc,ADT WATER CLEANUP AND RESTORATION LLC,Randy,carpentry,high,R-61,361600,(602) 695-6023,MESA,85277,,,
cyprus-electric-llc,Cyprus Electric LLC,NEIL,electrical,high,R-11,361597,(480) 450-9016,Florence,85132,,,
rykar-construction-llc,RyKar Construction LLC,Ryan,general,high,B,361591,(623) 695-9272,Queen Creek,85142,,,
west-summit-general-contracting-llc,West Summit General Contracting LLC,Nathanial,general,high,B-1,361582,(206) 326-8367,Renton,98058,,,
mills-ventures-and-development-llc,MILLS VENTURES AND DEVELOPMENT LLC,Seth,general,high,B-1,361578,(225) 228-0228,Gonzales,70737,,,
elite-glass-enterprise-llc,Elite Glass Enterprise LLC,Francisco,glass,high,CR-65,361577,(562) 572-8715,PICO RIVERA,90660,,,
p-a-custom-trim-llc,P A CUSTOM TRIM LLC,Jacqueline,carpentry,high,CR-60,361570,(615) 401-3262,Laveen,85339,,,
paint-daddy-llc,Paint Daddy LLC,Brian,painting,high,R-34,361569,(315) 200-3888,GLENDALE,85306,,,
hahn-roofing-llc,Hahn Roofing LLC,Wesley,hvac,medium,CR-45,361567,(928) 282-4733,Sedona,86340,KB-1|CR-42,,
calmar-builders-llc,Calmar Builders LLC,David,general,high,KB-2,361565,(970) 371-9900,NEW RIVER,85087,,,
ty-franklin-masteller,Ty Franklin Masteller,Ty,handyman,high,R-62,361564,(509) 251-8687,Yuma,85367,,,
wsp-usa-inc,WSP USA INC.,Ronald,general,high,A,361562,(716) 395-2349,New York,10119,,,
sonoran-solar-screens-llc,Sonoran Solar Screens LLC,James,handyman,high,R-62,361561,(602) 377-9477,PHOENIX,85024,,,
slate-contracting-llc,Slate Contracting LLC,Michelle,general,high,KB-1,361560,(480) 800-0600,PHOENIX,85016,,,
bates-welding-inc,"Bates Welding, Inc.",Jay,welding,high,CR-56,361559,(209) 620-4583,Knights Ferry,95361,,,
trikon-plc,trikon plc,Kapil,general,high,KB-2,361556,(480) 273-9367,CHANDLER,85249,,,
fire-and-ice-refrigeration-llc,Fire and Ice Refrigeration LLC,Arthur,hvac,high,CR-39,361554,(602) 550-2059,Mesa,85207,,,
fx-companies-llc,"FX COMPANIES, LLC",Claudia,general,high,B,361550,(623) 312-0375,Buckeye,85326,,,
brady-builds-llc,Brady Builds LLC,R,carpentry,high,C-60,361548,(702) 916-3551,Henderson,89014,C-48|C-8,,
kannon-contracting-llc,"Kannon Contracting, LLC",Kim,general,high,B,361545,(602) 989-1440,MESA,85213,,,
operation-air-co-llc,Operation Air Co LLC,Elijha,hvac,high,CR-39,361543,(602) 694-6918,Tempe,85282,,,
tesla-energy-operations-inc,"Tesla Energy Operations, Inc",Steven,electrical,high,CR-11,361542,(844) 837-5201,FREMONT,94538,KB-1|A|KB-1|CR-11,,
leon-carpet-llc,Leon Carpet LLC,Victor,tile,high,CR-48,361538,(520) 861-0701,Tucson,85713,CR-8,,
nationwide-hospitality-electric-llc,"Nationwide Hospitality Electric, LLC",Steven,electrical,high,C-11,361535,(919) 930-1019,Raleigh,27609,,,
nextgen-climate-systems-llc,NEXTGEN CLIMATE SYSTEMS LLC,Javier,hvac,high,CR-39,361534,(602) 486-7567,GOODYEAR,85338,,,
southwest-commercial-builders-llc,"Southwest Commercial Builders, LLC",Seth,general,high,B-1,361528,(602) 930-8398,PHOENIX,85040,,,
kutter-plumbing-solutions-llc,Kutter Plumbing Solutions LLC,TRAVIS,plumbing,high,CR-37,361525,(602) 819-5877,MARICOPA,85138,,,
franciscos-honest-concrete-llc,Francisco's Honest Concrete LLC,Francisco,concrete,medium,B,361521,(520) 807-0691,Tucson,85706,CR-9,,
cactus-valley-builders-llc,CACTUS VALLEY BUILDERS LLC,Fabian,general,high,B,361520,(602) 581-2637,PHOENIX,85031,,,
rodeo-plumbing-and-drain-llc,Rodeo Plumbing and Drain LLC,Corie,plumbing,high,CR-37,361519,(480) 955-6066,Chandler,85286,,,
granite-hat-llc,granite hat LLC,granite,carpentry,high,CR-60,361518,(602) 935-8685,Phoenix,85302,,,
southwest-windows-and-doors-llc,"Southwest Windows and Doors, LLC",Robert,sheetrock,high,R-10,361517,(480) 967-2597,Tempe,85282,R-36|B-3,,
southwest-windows-and-doors-llc,"Southwest Windows and Doors, LLC",Robert,sheetrock,high,R-10,361512,(480) 967-2597,Tempe,85282,R-36|B-3,,
rescue-me-pool-services-llc,Rescue Me Pool Services LLC,Scott,pools,high,R-6,361511,(480) 628-4315,Gilbert,85298,R-62|R-21,,
willis-6-garage-door-pros-llc,Willis 6 Garage Door Pros LLC,Dustin,carpentry,high,R-60,361509,(928) 533-4367,PRESCOTT VALLEY,86314,,,
canyon-state-shade-llc,Canyon State Shade LLC,Owen,awnings,high,R-3,361508,(480) 740-3093,Mesa,85203,B-5,,
guardian-20-inc,Guardian 2.0 Inc,Jason,landscaping,high,CR-21,361507,(360) 430-3265,Prescott,86301,,,
authentic-property-solutions-llc,Authentic Property Solutions LLC,Thomas,handyman,high,R-62,361506,(319) 538-1767,Laveen,85339,B,,
terragotti-development-llc,TerraGotti Development LLC,Josh,general,high,B,361502,(602) 918-4143,Surprise,85379,,,
forgeon-corporation,Forgeon Corporation,Tungpin,electrical,high,C-11,361498,(562) 241-5390,Phoenix,85027,C-4,,
leaklab-llc,LeakLab LLC,Brandon,pools,high,CR-6,361495,(480) 646-0050,MESA,85205,,,
blue-diamond-pool-cleaning-servicing-llc,BLUE DIAMOND POOL CLEANING & SERVICING LLC,Bailey,pools,high,CR-6,361493,(928) 240-2057,MESA,85207,,,
borges-design-co-llc,BORGES DESIGN CO. LLC,John,pools,high,CR-6,361492,(602) 218-2008,PHOENIX,85028,,,
garrett-precision-llc,Garrett Precision LLC,Garrett,fencing,high,CR-14,361489,(928) 899-5944,Humboldt,86329,CR-2,,
bear-canyon-nursery-and-landscaping-inc,Bear Canyon Nursery and Landscaping Inc,Michael,landscaping,high,CR-21,361485,(520) 760-2333,Tucson,85749,CR-31|CR-21,,
certified-electrical-services-llc,Certified Electrical Services LLC,STEVE,electrical,high,CR-11,361484,(480) 938-9349,Casa Grande,85193,,,
all-we-do-is-painting-coatings-llc,All We Do Is Painting & Coatings LLC,Lo,painting,high,CR-34,361482,(480) 209-4919,MESA,85209,,,
boga-home-improvements-llc,BOGA Home Improvements LLC,Juan,handyman,high,R-62,361479,(480) 859-1190,PHOENIX,85051,,,
awesome-good-air-inc,Awesome Good Air Inc.,Gregory,hvac,high,CR-39,361477,(847) 412-8902,MESA,85201,,,
almost-anything-llc,Almost Anything LLC,Brian,general,high,A,361474,(602) 619-0531,DEWEY,86327,,,
paramount-contracting-inc,Paramount Contracting Inc.,Jonathan,general,high,KB-1,361473,(951) 306-6712,Chandler,85225,,,
the-wall-company-llc,The Wall Company LLC,Jerome,plumbing,high,R-37R,361466,(602) 453-9255,Gilbert,85233,C-9|CR-2|CR-57|R-9,,
twinridge-construction-inc,"TwinRidge Construction, Inc.",Jose,septic,high,R-41,361465,(520) 405-5941,Tucson,85714,KB-1,,
hugh-stewart-remodeling-llc,Hugh Stewart Remodeling LLC,Hugh,carpentry,high,CR-61,361463,(954) 205-0262,LAUREL,20707,,,
ivi-north-inc,IVI North Inc,Jacob,general,high,B-1,361461,(920) 757-6001,Greenville,54942,,,
arizona-artisan-home-remodeling-llc,"ARIZONA ARTISAN HOME REMODELING, LLC",Cristian,general,high,B-3,361458,(480) 490-3466,Peoria,85381,,,
aspen-electric-hvac-llc,ASPEN ELECTRIC & HVAC LLC,Michael,hvac,high,CR-39,361457,(480) 227-0409,Queen Creek,85142,CR-11|B-3,,
brandon-david-carey,Brandon David Carey,Brandon,electrical,high,CR-11,361455,(928) 368-7614,Show Low,85901,,,
pena-dynamic-commercial-solutions-llc,Pena Dynamic & Commercial Solutions LLC,Jesus,hvac,high,CR-39,361453,(520) 250-0507,Tucson,85757,,,
nwestco-llc,Nwestco LLC,Johnny,general,high,A,361452,(406) 755-4343,Kalispell,59901,,,
vmw-construction-llc,VMW Construction LLC,Mario,excavating,high,CR-2,361451,(623) 227-7929,Avondale,85323,,,
jbh-construction-llc,Jbh construction LLC,John,general,high,B,361450,(505) 670-5461,PEORIA,85382,,,
smart-drywall-llc,"SMART DRYWALL, LLC",Angel,sheetrock,high,CR-10,361449,(602) 736-8593,Phoenix,85018,,,
robert-phillip-ponce,Robert Phillip Ponce,Robert,landscaping,high,CR-21,361448,(951) 292-8668,San Jacinto,92583,CR-3,,
hett-family-painting-llc,Hett Family Painting LLC,Samuel,painting,high,CR-34,361446,(480) 335-8099,Phoenix,85021,,,
noelene-watahomigie,Noelene Watahomigie,noelene,handyman,high,R-62,361442,(928) 715-2482,Peach Spring,86434,,,
pool-birdie-llc,"POOL BIRDIE, LLC",Bryan,pools,high,CR-6,361441,(602) 341-5537,PHOENIX,85018,,,
agutierrez-roofing-llc,AGUTIERREZ ROOFING LLC,Ana,roofing,high,CR-42,361434,(928) 577-4113,Mohave Valley,86440,,,
landshark-pools-llc,Landshark Pools LLC,Logan,pools,high,B-5,361433,(928) 208-7456,Lake Havasu City,86403,,,
mvg-group-llc,MVG Group LLC,Donald,excavating,high,A-5,361432,(360) 916-6230,Kalama,98625,,,
jgm-pet-doors-installations-llc,JGM Pet Doors Installations LLC,Gregory,carpentry,high,CR-61,361426,(623) 201-0849,WADDELL,85355,,,
ground-effects-llc,Ground Effects LLC,Jason,pools,high,KA-5,361425,(928) 516-9442,FORT MOHAVE,86426,,,
mastershield-roofing-llc,MASTERSHIELD ROOFING LLC,ROBERT,roofing,high,CR-42,361424,(602) 373-2896,Glendale,85306,,,
darren-dean-lester,Darren Dean Lester,Darren,lowvoltage,high,C-67,361420,(801) 859-6716,South Jordan,84009,,,
braithwaite-holdings-llc,Braithwaite Holdings L.L.C.,David,landscaping,high,CR-21,361413,(480) 653-2893,MESA,85212,,,
miles-hvac-llc,Miles HVAC LLC,Steven,hvac,high,CR-39,361411,(520) 270-2448,TUCSON,85730,,,
air-army-inc,"Air Army, Inc",Karl,hvac,high,CR-39,361408,(480) 992-1234,Phoenix,85018,,,
admon-albeer-mister,Admon Albeer Mister,Admon,electrical,high,CR-11,361407,(858) 388-0004,Glendale,85308,,,
andrew-john-beauchamp,Andrew John Beauchamp,Andrew,plumbing,high,CR-37,361405,(906) 360-5451,Mesa,85215,CR-39,,
andrew-john-beauchamp,Andrew John Beauchamp,Andrew,plumbing,high,CR-37,361404,(906) 360-5451,Mesa,85215,CR-39,,
hood-works-llc,"HOOD WORKS, LLC",Justin,general,high,B-3,361402,(928) 458-4223,Surprise,85388,,,
the-certified-arborist-llc,THE CERTIFIED ARBORIST LLC,GABRIEL,landscaping,high,CR-21,361401,(520) 273-4755,Tucson,85711,,,
prince-steel-llc,PRINCE STEEL LLC,Cqulin,steel,high,A-11,361400,(480) 433-1840,Gilbert,85296,,,
foresight-construction-llc,Foresight Construction LLC,Kyle,asphalt,high,A-14,361398,(253) 307-1858,Gig Harbor,98335,,,
top-notch-fence-llc,Top Notch Fence LLC,Jonathan,fencing,high,CR-14,361395,(928) 713-7586,Concho,85924,,,
jonathan-dinco,Jonathan Dinco,Jonathan,electrical,high,CR-11,361393,(760) 238-6787,Blythe,92225,,,
desert-bloom-garage-door-services-llc,Desert Bloom Garage Door Services LLC,Kevin,carpentry,high,R-60,361386,(480) 809-8165,PHOENIX,85040,,,
landmark-excavating-inc,"LANDMARK EXCAVATING, INC.",Nathan,general,high,A,361385,(801) 554-3255,American Fork,84003,,,
superstition-plumbing-llc,Superstition Plumbing LLC,Roy,plumbing,high,CR-37,361375,(480) 833-3112,SCOTTSDALE,85259,,,
prescott-home-safety-llc,Prescott Home Safety LLC,Jeffrey,handyman,high,R-62,361371,(928) 925-1012,Prescott,86301,CR-45,,
installation-concepts-arizona-llc,Installation Concepts Arizona LLC,Maria,plumbing,high,R-37R,361370,(480) 687-9384,Mesa,85209,B-3,,
ajg-contracting-group-llc,AJG Contracting Group LLC,Arturo,hvac,high,CR-39,361368,(919) 213-7623,Yuma,85365,CR-37|KB-1|KA,,
curlys-construction-llc,Curly's Construction LLC,Damion,sheetrock,high,CR-10,361360,(520) 991-2689,Tucson,85706,,,
phoenician-doors-and-windows-llc,Phoenician Doors and Windows LLC,Paul,carpentry,high,CR-60,361359,(602) 769-6908,Scottsdale,85260,,,
kellers-llc,"KELLER'S, LLC",Keenan,lowvoltage,high,C-67,361355,(910) 392-7011,Wilmington,28411,,,
tm-carpentry-llc,TM CARPENTRY LLC,trace,carpentry,high,CR-60,361354,(602) 399-0549,PRESCOTT VALLEY,86315,,,
diamond-desert-glass-llc,Diamond Desert Glass LLC,Christian,glass,high,CR-65,361351,(602) 772-1689,AVONDALE,85323,,,
supreme-paint-and-finish-llc,Supreme Paint and Finish LLC,JOSEPH,painting,high,CR-34,361350,(623) 466-3442,Buckeye,85396,,,
call-a-handyman-llc,Call-A-Handyman LLC,Christopher,handyman,high,R-62,361347,(480) 580-7363,New River,85087,,,
indys-demolition-inc,"Indy's Demolition, Inc",Indalecio,demolition,high,CR-57,361346,(323) 835-6710,Huntington Park,90255,,,
siteworks-landscape-maintenance-inc,"SITEWORKS LANDSCAPE MAINTENANCE, INC.",Cole,landscaping,high,CR-21,361344,(480) 820-1600,CHANDLER,85224,,,
sunset-state-home-improvements-llc,Sunset State Home Improvements LLC,George,handyman,high,R-62,361338,(201) 921-8544,CHANDLER,85286,,,
think-painting-llc,Think Painting LLC,Brian,painting,high,CR-34,361334,(623) 695-4980,GILBERT,85295,,,
willard-nash,Willard Nash,Willard,carpentry,high,R-60,361331,(541) 788-0314,Bend,97701,,,
paul-kaleb-andrew-meade,Paul Kaleb Andrew Meade,Paul,general,high,B,361326,(727) 631-2937,Panama City Beach,32408,,,
no-limit-contracting-llc,No Limit Contracting LLC,Imperio,asphalt,high,CR-69,361324,(602) 432-1012,Avondale,85323,KB-1,,
zhijian-liang,Zhijian Liang,Zhijian,general,high,B-1,361323,(626) 990-8989,Alhambra,91801,,,
karr-construction-development-llc,Karr Construction & Development LLC,Austin,welding,medium,B,361321,(623) 696-9182,Wittmann,85361,C-24,,
gallegos-granite-llc,GALLEGOS GRANITE LLC,Edgar,carpentry,high,CR-60,361320,(602) 919-9295,Tolleson,85353,,,
arizona-glass-brothers-llc,ARIZONA GLASS BROTHERS LLC,Jason,handyman,high,R-62,361319,(602) 622-2003,Tucson,85748,CR-65,,
highbeam-llc,"Highbeam, LLC",Shawn,lowvoltage,high,CR-67,361318,(480) 382-5406,Tempe,85282,,,
manncomm-solutions-llc,MANNCOMM SOLUTIONS LLC,Fernando,lowvoltage,high,C-67,361315,(678) 468-8314,Lawrenceville,30045,,,
mesa-verde-plumbing-llc,Mesa Verde Plumbing LLC,Michael,plumbing,high,R-37R,361308,(520) 808-7667,Tucson,85704,C-37,,
aesthetic-interiors-design-inc,AESTHETIC INTERIORS & DESIGN INC,James,general,high,B-3,361304,(425) 429-5221,Scottsdale,85262,,,
aa-drywallers-llc,"A&A DRYWALLERS, LLC",Gabriel,sheetrock,high,CR-10,361303,(928) 274-2168,CLARKDALE,86324,,,
beckshar-llc,BeckShar LLC,Brian,general,high,KB-2,361302,(480) 409-0373,Scottsdale,85260,KB-1,,
wit-construction-drywall-llc,WIT Construction & Drywall LLC,George,general,high,KB-2,361301,(520) 248-7350,Tucson,85746,,,
varitec-controls-and-service-solutions-llc,Varitec Controls and Service Solutions LLC,David,hvac,high,CR-39,361298,(602) 513-0315,Phoenix,85027,B-1,,
drf-builders-inc,"DRF Builders, Inc.",Dana,general,high,B-2,361284,(208) 254-2002,Garden City,83714,,,
precision-22-drywall-llc,Precision 22 Drywall LLC,Hisifredo,sheetrock,high,CR-10,361281,(928) 897-5388,Kingman,86409,,,
jerzak-service-corporation,Jerzak Service Corporation,David,carpentry,high,CR-60,361279,(623) 377-1175,PEORIA,85383,,,
daniel-rey-villa,Daniel Rey Villa,Daniel,excavating,high,CR-2,361278,(806) 685-3228,Plainview,79072,CR-67,,
ikon-wood-and-stone-llc,Ikon Wood and Stone LLC,Leon,carpentry,high,R-60,361277,(435) 467-8090,Colorado City,86021,,,
sodo-builders-az-llc,SODO BUILDERS AZ LLC,Martin,general,high,B-1,361273,(206) 844-0107,Bellevue,98004,,,
doghouse-enterprises-llc,Doghouse Enterprises LLC,Jonathan,general,high,KB-1,361271,(717) 916-1654,MESA,85212,,,
hector-burrola,Hector Burrola,Hector,general,high,KB-1,361270,(801) 510-9209,Kaysville,84037,,,
mauch-1-construction-llc,Mauch 1 Construction LLC,Noah,general,high,B,361264,(928) 450-0541,TOPOCK,86436,,,
premier-eco-solutions-llc,Premier ECO Solutions LLC,Erik,lowvoltage,high,CR-67,361263,(424) 221-9402,Phoenix,85020,CR-67,,
bmg-resurfacing-llc,BMG Resurfacing LLC,Blake,carpentry,high,CR-60,361259,(602) 935-5455,Phoenix,85032,,,
liminal-path-ventures-llc,Liminal Path Ventures LLC,Nathan,glass,high,CR-65,361257,(520) 599-3395,Tucson,85730,,,
christopher-mark-jozefski,Christopher Mark Jozefski,Christopher,painting,high,CR-34,361256,(585) 857-4926,Peoria,85831,,,
square-one-homes-llc,Square One Homes LLC,WILLIAM,general,high,B,361254,(618) 513-9549,Scottsdale,85251,,,
arizona-civil-group-llc,Arizona Civil Group LLC,Daniel,plumbing,high,CR-80,361252,(480) 640-2555,Cave Creek,85331,,,
aybob-llc,AYBOB LLC,Robert,hvac,high,CR-39,361249,(928) 412-2961,LAKE HAVASU CITY,86403,,,
psg-energy-services-llc,"PSG Energy Services, LLC",Brian,electrical,high,C-11,361248,(813) 539-0219,Macon,31206,,,
brcontracting-llc,BRContracting LLC,Steven,demolition,medium,KB-1,361246,(480) 784-7289,Mesa,85207,CR-57,,
campbell-quality-construction-llc,Campbell Quality Construction LLC,Douglas,general,high,B-3,361245,(480) 290-3621,Apache Junction,85119,,,
buildit-shell-contractor-llc,BUILDIT SHELL CONTRACTOR LLC,Nakia,general,high,KB-1,361244,(772) 646-8728,Sebastian,32958,,,
epta-construction-llc,EPTA Construction LLC,Celiar,electrical,high,CR-11,361242,(480) 800-7203,Maricopa,85139,KB-1|KA|CR-77|KB-2,,
salazar-development-llc,Salazar Development LLC,Rodrigo,plumbing,medium,KB-2,361241,(520) 977-9542,Green Valley,85614,CR-37,,
palacios-home-services-llc,Palacios Home Services LLC,Andrew,electrical,high,CR-11,361240,(480) 277-6015,Litchfield Park,85340,,,
glistening-waters-pool-services-llc,"GLISTENING WATERS POOL SERVICES, LLC",Joshua,pools,high,CR-6,361238,(480) 414-6500,GLENDALE,85312,,,
sev-home-services-inc,SEV Home Services Inc.,Jose,plumbing,high,CR-37,361237,(623) 232-3742,QUEEN CREEK,85142,,,
august-pools-and-outdoor-living-llc,August Pools and Outdoor Living LLC,Danny,pools,high,KA-5,361234,(602) 686-3076,SCOTTSDALE,85255,,,
best-mechanical-inc,"BEST MECHANICAL, INC",Jeffery,plumbing,high,C-37,361232,(661) 940-4848,Lancaster,93535,C-39,,
pioneer-tech-security-llc,Pioneer Tech & Security LLC,Russell,lowvoltage,high,CR-67,361230,(480) 620-2603,QUEEN CREEK,85142,,,
top-energy-electric-llc,Top Energy Electric LLC,William,electrical,high,CR-11,361228,(602) 693-6807,Phoenix,85042,,,
frank-the-plumber-handyman-llc,Frank The Plumber handyman LLC,Frank,plumbing,high,R-37R,361226,(562) 842-5687,Topock,86436,,,
edward-don-company-llc,"EDWARD DON & COMPANY, LLC",Robert,general,high,B-1,361221,(708) 883-8436,Woodridge,60517,,,
chilled-haven-air-llc,Chilled Haven Air LLC,Manuel,hvac,high,CR-39,361219,(480) 387-0011,MARICOPA,85139,,,
call-doug-llc,Call Doug LLC,Douglas,handyman,high,R-62,361218,(520) 444-7839,Green Valley,85622,,,
hsi-kun-chen,Hsi Kun Chen,Hsi,electrical,medium,KB-1,361212,(810) 377-7777,Phoenix,85085,CR-11,,
forever-22-builders-llc,Forever 22 Builders LLC,Anthony,general,high,KB-2,361210,(602) 686-0221,Peoria,85383,,,
urban-bluegrass-unlimited-llc,Urban Bluegrass Unlimited LLC,Max,pools,high,KA-5,361209,(602) 748-0232,Phoenix,85018,,,
tde-enterprises-llc,TDE Enterprises LLC,Troy,general,high,KB-2,361208,(480) 229-0064,GILBERT,85298,,,
builder-pros-llc,Builder Pros LLC,Daniel,demolition,medium,B,361205,(602) 579-7021,Mesa,85207,C-57,,
llanos-irrigation-landscapes-llc,Llanos Irrigation & landscapes LLC,thomas,landscaping,high,CR-21,361204,(520) 988-0505,TUCSON,85757,,,
vision-built-home-improvement-llc,VISION BUILT HOME IMPROVEMENT LLC,Steven,handyman,high,R-62,361202,(623) 203-5739,WADDELL,85355,,,
ajg-contracting-group-llc,AJG Contracting Group LLC,Arturo,hvac,high,CR-39,361200,(919) 213-7623,Yuma,85365,CR-37|KB-1|KA,,
royal-alpha-solutions-llc,Royal Alpha Solutions LLC,Bradley,handyman,high,R-62,361194,(480) 692-1159,Waddell,85355,,,
blu-hammer-construction-llc,Blu Hammer Construction LLC,Edward,general,high,KB-2,361192,(520) 243-3593,Tucson,85746,,,
bear-down-roofing-llc,Bear Down Roofing LLC,Jesus,roofing,high,CR-42,361191,(520) 380-7476,TUCSON,85714,,,
bortec-llc,Bortec LLC,Robert,plumbing,medium,A-12,361184,(972) 429-9954,Wylie,75098,,,
bellioni-estates-llc,Bellioni Estates LLC,Angela,general,high,B,361181,(503) 313-5387,Chandler,85225,,,
oasis-concepts-llc,Oasis Concepts LLC,Johnier,pools,high,KA-5,361180,(480) 433-9313,Gilbert,85233,,,
purflo-plumbing-llc,Purflo Plumbing LLC,Adam,plumbing,high,CR-37,361179,(520) 288-0895,Tucson,85746,,,
pacificwest-energy-solutions-inc,"PacificWest Energy Solutions, Inc",Craig,general,high,A,361178,(812) 471-5000,Northridge,91324,B-1,,
zhi-lin-chen,Zhi Lin Chen,Zhilin,general,high,B-1,361175,(626) 265-6973,Alhambra,91801,,,
cml-companies-llc,CML Companies LLC,Mark,fencing,high,R-14,361173,(480) 375-8207,Higley,85236,R-60,,
pitman-construction-llc,Pitman Construction LLC,Martin,general,high,KB-2,361172,(928) 463-1332,Chino Valley,86323,,,
b2-pro-painting-llc,B2-Pro Painting LLC,Juan,painting,high,CR-34,361170,(480) 417-3103,PHOENIX,85016,,,
noyas-electric-services-llc,NOYA'S ELECTRIC SERVICES LLC,Jaime,electrical,high,R-11,361169,(480) 869-8412,MESA,85204,,,
blazeys-home-services-llc,Blazey's Home Services LLC,Omar,handyman,high,R-62,361168,(520) 465-1719,Tucson,85746,,,
mammoth-millworks-llc,Mammoth Millworks LLC,Jherick,carpentry,high,CR-60,361167,(360) 454-4126,Phoenix,85009,,,
as-masonry-construction-and-landscaping-llc,A's Masonry Construction and Landscaping LLC,Aaron,landscaping,high,CR-21,361166,(760) 646-2855,Prescott,86303,,,
supertech-industries-llc,SuperTech Industries LLC,Robert,hvac,high,CR-39,361165,(480) 914-0911,Gilbert,81540,,,
serwit-co-llc,"SERWIT CO, LLC",Claude,landscaping,high,CR-21,361161,(888) 823-1458,Scotttsdale,85251,,,
imperial-diamond-flooring-llc,IMPERIAL DIAMOND FLOORING LLC,Akiva,flooring,high,CR-8,361159,(732) 347-2218,Lakewood,08701,,,
gladiator-contracting-llc,"GLADIATOR CONTRACTING, LLC",Joseph,carpentry,high,R-60,361154,(602) 670-9949,Phoenix,85024,KB-2|CR-37|CR-11|KA-5,,
gladiator-contracting-llc,"GLADIATOR CONTRACTING, LLC",Joseph,carpentry,high,R-60,361153,(602) 670-9949,Phoenix,85024,KB-2|CR-37|CR-11|KA-5,,
joseph-benard-mills,Joseph Benard Mills,Joseph,landscaping,high,CR-21,361151,(520) 390-9854,Tucson,85715,,,
calcom-roofing-inc,"CALCOM ROOFING, INC.",William,roofing,high,CR-42,361150,(951) 317-1615,Corona,92877,,,
jianguo-zhang,Jianguo Zhang,Jianguo,general,high,B-1,361148,(626) 554-4892,Alhambra,91801,,,
cooper-plumbing-llc,COOPER PLUMBING LLC,Anthony,plumbing,high,R-37R,361147,(520) 260-7949,TUCSON,85741,,,
richard-raymond-chamberlain,Richard Raymond Chamberlain,Richard,general,high,KB-2,361145,(520) 258-9926,Tucson,85735,,,
primary-source-installation-inc,"Primary Source Installation, Inc",Michael,lowvoltage,high,C-67,361144,(928) 792-1043,PRESCOTT VALLEY,86314,,,
marques-general-engineering-inc,"Marques General Engineering, Inc.",Jeremy,general,high,A,361143,(916) 923-3434,Roseville,95678,,,
bjw-electric-llc,"BJW Electric, LLC",Barry,electrical,high,CR-11,361138,(303) 419-0547,Buckeye,85396,,,
ddt-contracting-llc,DDT Contracting LLC,Richard,welding,high,CR-56,361129,(520) 483-3563,Casa Grande,85193,CR-11,,
ericks-glass-llc,Erick's Glass LLC,Chris,glass,high,CR-65,361126,(602) 829-0104,GOODYEAR,85338,,,
fielding-construction-llc,Fielding Construction LLC,Matthew,general,high,A,361125,(480) 433-0303,MESA,85204,,,
brnr-communications-corporation,BRNR Communications Corporation,Jason,lowvoltage,high,CR-67,361124,(951) 741-7480,Surprise,85387,,,
core-communications-group-inc,Core Communications Group Inc,Derrell,lowvoltage,high,C-67,361123,(503) 889-0111,Beaverton,97007,,,
aalto-llc,Aalto LLC,Gregory,pools,high,R-6,361122,(602) 942-2909,PHOENIX,85053,,,
t-t-fence-company-llc,T & T Fence Company LLC,Nicolas,masonry,high,CR-31,361120,(623) 204-5092,Buckeye,85326,R-62|R-14,,
myst-construction-remodeling-llc,MYST Construction & Remodeling LLC,Mahmut,general,high,KB-1,361117,(602) 677-6060,PHOENIX,85050,,,
fcs-construction-services-inc,FCS CONSTRUCTION SERVICES INC.,Mark,general,high,B-1,361116,(805) 698-0894,Santa Barbara,93101,,,
hb-kellums-underground-construction-llc,HB Kellums Underground Construction LLC,HUNTER,plumbing,high,CR-37,361112,(623) 680-2556,Goodyear,85395,CR-11,,
americas-best-choice-of-tucson-az-llc,America's Best Choice of Tucson AZ. LLC,Antonio,carpentry,high,R-60,361111,(520) 382-8587,TUCSON,85713,,,
ja-ii-lath-stucco-llc,JA II Lath & Stucco LLC,Jose,masonry,medium,R-36,361108,(520) 425-3489,TUCSON,85735,,,
rescue-me-pool-services-llc,Rescue Me Pool Services LLC,Scott,pools,high,R-6,361107,(480) 628-4315,Gilbert,85298,R-62|R-21,,
property-management-hvac-pros-llc,Property Management HVAC Pros LLC,Kevin,hvac,high,CR-39,361102,(520) 330-6377,SAHUARITA,85629,,,
jlm-electric-llc,JLM Electric LLC,Jerry,electrical,high,CR-11,361095,(480) 906-9777,GILBERT,85298,,,
midwest-contractors-consultants-inc,"Midwest Contractors & Consultants, Inc.",Brian,excavating,high,A-5,361093,(417) 544-0800,Hollister,65673,,,
cambiar-organization-innovations-llc,"Cambiar Organization Innovations, LLC",Giovanni,general,high,KB-1,361092,(480) 490-0900,Chandler,85286,,,
93-build-llc,93 Build LLC,Joseph,general,high,KB-2,361090,(928) 581-4677,Glendale,85306,,,
ea-designs-llc,E&A Designs LLC,Elliott,signs,medium,KB-2,361089,(310) 896-6041,PHOENIX,85023,,,
handlebar-excavating-llc,HANDLEBAR  EXCAVATING LLC,Ashlee,excavating,high,CR-2,361087,(480) 587-0569,PEORIA,85345,,,
b-and-d-electric-llc,B and D Electric LLC,Daniel,electrical,high,CR-11,361086,(480) 828-1181,Phoenix,85014,,,
sleek-trim-llc,Sleek Trim LLC,Jonathan,carpentry,high,CR-60,361084,(928) 988-0621,Yuma,85364,,,
nexus-us-llc,Nexus US LLC,Michael,excavating,high,A-5,361083,(512) 661-1897,Chandler,85225,,,
a-a-concrete-llc,A & A Concrete LLC,Emilio,concrete,high,CR-9,361080,(602) 575-1811,Youngtown,85363,,,
valle-interiors-llc,Valle Interiors LLC,Salvador,tile,high,CR-48,361079,(520) 230-9270,TUCSON,85743,,,
sos-ace-corporation,SOS ACE CORPORATION,SCOTT,electrical,high,R-11,361070,(520) 260-6278,TUCSON,85712,CR-79,,
soltegrity-systems-llc,Soltegrity Systems LLC,CRYSTHIAN,electrical,high,CR-11,361067,(480) 751-0552,MESA,85205,,,
sos-ace-corporation,SOS ACE CORPORATION,SCOTT,electrical,high,R-11,361064,(520) 260-6278,TUCSON,85712,CR-79,,
greater-home-efficiency-llc,"Greater Home Efficiency, LLC.",Joey,insulation,high,R-40,361062,(480) 589-5725,PHOENIX,85083,,,
heatwave-pools-and-spas-llc,Heatwave Pools and Spas LLC,Jordan,pools,high,B-5,361061,(602) 610-9788,PHOENIX,85027,,,
camelback-stone-llc,Camelback Stone LLC,Francisco,masonry,medium,KB-2,361060,(602) 614-8195,SCOTTSDALE,85251,,,
bluewater-pool-services-llc,"BLUEWATER POOL SERVICES, LLC",Larry,pools,high,CR-6,361058,(623) 777-9943,Peoria,85383,,,
myrstol-llc,"MYRSTOL, LLC",Kaden,painting,high,CR-34,361056,(480) 967-4250,Tempe,85282,,,
ace-20-services-llc,"ACE 2.0 SERVICES, LLC",William,general,high,KA,361055,(480) 465-9840,SCOTTSDALE,85250,,,
skylux-builders-llc,Skylux Builders LLC,Andrew,general,high,B,361052,(480) 628-1661,GILBERT,85234,,,
polarworx-inc,"Polarworx, Inc.",Brock,hvac,high,C-39,361050,(770) 971-7001,Ball Ground,30107,C-11,,
perna-family-contracting-llc,PERNA FAMILY CONTRACTING LLC,Mitchell,excavating,high,CR-2,361048,(928) 951-6037,Payson,85541,,,
valley-center-electric-llc,"Valley Center Electric, LLC",Saul,electrical,high,R-11,361047,(253) 448-4941,Surprise,85374,,,
new-era-networks-llc,NEW ERA NETWORKS LLC,James,general,high,A,361045,(888) 324-6001,Chandler,85226,,,
h2-contracting-inc,H2 Contracting INC,Adam,general,high,KB-2,361041,(480) 440-3051,Cave Creek,89331,,,
luxcore-builders-llc,"Luxcore Builders, LLC",Cory,handyman,high,R-62,361023,(480) 382-1076,Yarnell,85362,B,,
brothers-painting-az-llc,"Brothers Painting AZ, LLC",HUGO,painting,high,CR-34,361022,(928) 302-8019,LAKE HAVASU CITY,86403,,,
ez-customs-llc,E.Z CUSTOMS LLC,Zachary,carpentry,high,R-60,361017,(602) 909-3776,LITCHFIELD PARK,85340,,,
wheaton-mechanical-llc,Wheaton Mechanical LLC,Austin,hvac,high,CR-39,361014,(989) 598-3486,PRESCOTT VALLEY,86315,,,
red-sky-renovation-repair-llc,RED SKY RENOVATION & REPAIR LLC,Victor,general,high,KB-1,361012,(928) 442-6981,Prescott Valley,86314,,,
copper-state-dock-doors-llc,Copper State Dock & Doors LLC,Anthony,carpentry,high,CR-60,361011,(602) 558-3419,PHOENIX,85033,,,
kennard-excavating-llc,Kennard Excavating LLC,Anthony,excavating,high,R-2,361006,(623) 205-2967,Waddell,85355,KA,,
bill-davies-building-services-llc,Bill Davies Building Services LLC,william,plumbing,high,CR-37,361004,(623) 533-2661,Cave Creek,85331,KB-1|CR-61,,
palo-verde-outdoor-environments-inc,Palo Verde Outdoor Environments Inc,Jay,landscaping,high,CR-21,360996,(602) 526-5023,Goodyear,85338,B-5,,
garman-installation-llc,"Garman Installation, LLC",William,flooring,high,CR-8,360994,(602) 423-6797,GLENDALE,85302,,,
onix-contracting-llc,Onix Contracting LLC,EDUARDO,tile,high,CR-48,360989,(623) 363-0046,PHOENIX,85043,,,
cp-construction-services-inc,CP CONSTRUCTION SERVICES INC.,Priscilla,general,high,KB-1,360982,(951) 255-2303,Jurupa Valley,92509,,,
grand-valley-electric-llc,Grand Valley Electric LLC,Adan,electrical,high,CR-11,360980,(602) 663-5101,Florence,85132,,,
guarantee-roofing-llc,Guarantee Roofing LLC,Raul,roofing,high,CR-42,360978,(602) 466-4366,MESA,85202,,,
seifried-home-services-enterprises-llc,"Seifried Home Services Enterprises, LLC",Andrew,handyman,high,R-62,360977,(602) 818-8566,Phoenix,85020,,,
albos-system-llc,Albos System LLC,Nijaz,glass,high,CR-65,360975,(602) 410-3804,Phoenix,85012,,,
ravenlux-llc,RAVENLUX LLC,Fabiola,flooring,high,CR-8,360973,(602) 710-7155,Phoenix,85033,,,
ncm-az-inc,NCM AZ Inc,James,general,high,B-1,360972,(480) 246-5229,Scottsdale,85258,B-1,,
v-v-builders-llc,V & V BUILDERS LLC,ESTEBAN,general,high,KB-2,360971,(928) 750-3033,SAN LUIS,85349,,,
mathews-electric-inc,"Mathews Electric, Inc.",Nicholas,electrical,high,CR-11,360969,(248) 489-3008,Brighton,48116,,,
roc-tile-flooring-llc,ROC TILE & FLOORING LLC,Ryan,tile,high,CR-48,360967,(720) 670-8424,Scottsdale,85262,,,
diamond-s-contracting-llc,"Diamond S Contracting, LLC",Peter,handyman,high,R-62,360965,(520) 907-1559,TUCSON,85743,,,
mk-home-design-llc,MK Home Design LLC,Matthew,general,high,B,360962,(916) 886-6554,Cameron Park,95682,,,
arizona-plastering-stucco-contractors-llc,ARIZONA PLASTERING & STUCCO CONTRACTORS LLC,JOSE,masonry,medium,CR-36,360960,(520) 249-5631,Sahuarita,85629,CR-34,,
stronghold-tile-llc,Stronghold Tile LLC,Thomas,tile,high,R-48,360959,(520) 255-3684,SAINT DAVID,85630,,,
deseret-fire-technnologies-llc,"Deseret Fire Technnologies, LLC",Victor,lowvoltage,high,CR-67,360956,(720) 701-1651,Hildale,84784,,,
apg-stone-granite-llc,APG STONE GRANITE LLC,Jackeline,carpentry,high,CR-60,360954,(480) 261-6661,Phoenix,85037,,,
lucky-cat-creations-llc,Lucky Cat Creations LLC,John,handyman,high,R-62,360952,(480) 356-5143,GILBERT,85298,,,
hre-construction-series-llc,HRE CONSTRUCTION SERIES LLC,James,electrical,high,C-11,360951,(803) 704-5442,Elgin,29045,,,
b-a-electric-llc,B & A Electric LLC,Brandon,electrical,high,CR-11,360950,(928) 595-0080,Globe,85501,,,
foster-and-sons-llc,Foster and Sons LLC,Marcelo,handyman,high,R-62,360948,(602) 354-1929,Phoenix,85029,,,
shopco-usa-inc,SHOPCO USA INC,Jackson,carpentry,high,C-60,360946,(713) 934-2935,Houston,77040,,,
cobb-industrial-inc,COBB INDUSTRIAL INC.,Bryan,general,high,B-1,360945,(678) 581-2622,Holly Springs,30115,,,
ss-construction-consulting-llc,SS CONSTRUCTION CONSULTING LLC,David,general,high,A,360943,(928) 308-6812,DEWEY,86327,,,
edpo-llc,"EDPO, LLC",Terry,plumbing,high,CR-37,360942,(928) 636-1600,Prescott,86305,,,
state-48-electric-llc,State 48 Electric LLC,George,electrical,high,CR-11,360939,(480) 824-3042,Mesa,85209,,,
bautista-concrete-inc,BAUTISTA CONCRETE INC,Isaiah,concrete,high,CR-9,360938,(805) 382-6951,Lakeside,85929,,,
big-joes-mini-split-installs-llc,Big Joe's Mini Split Installs LLC,JOSEPH,hvac,high,CR-39,360937,(480) 338-6860,GLENDALE,85304,,,
da-contracting-llc,D&A CONTRACTING LLC,David,general,high,KB-1,360935,(480) 617-0155,Mesa,85207,,,
bg-remodeling-llc,BG Remodeling LLC,BENJAMIN,general,high,B-3,360934,(602) 301-7037,Glendale,85310,,,
phoenix-filters-llc,PHOENIX FILTERS LLC,Garrett,plumbing,medium,CR-54,360933,(602) 551-8839,MESA,85212,,,
arizona-sky-roofing-consultants-llc,Arizona Sky Roofing Consultants L.L.C.,Brian,roofing,high,CR-42,360932,(928) 600-0611,Flagstaff,86005,,,
alfredo-contreras-salvatierra,Alfredo Contreras Salvatierra,Alfredo,general,high,KB-1,360931,(909) 762-4378,Mesa,85203,,,
delgra-construction-llc,"DELGRA CONSTRUCTION, LLC.",Luis,general,high,KB-2,360929,(520) 841-2642,Nogales,85628,,,
randolph-garcia,Randolph Garcia,Randolph,plumbing,medium,CR-54,360926,(928) 210-7743,Yuma,85364,,,
native-solution-az-llc,Native Solution AZ L.L.C.,James,general,high,B,360925,(928) 587-1102,Taylor,85939,,,
sanctuary-interiors-inc,SANCTUARY INTERIORS INC.,Lisa,general,high,KB-1,360924,(801) 259-0584,Dewey,86327,,,
skyline-painting-az-llc,"SKYLINE PAINTING AZ, LLC",Travis,painting,high,CR-34,360921,(386) 264-9025,ENGLEWOOD,80110,,,
thermoknights-llc,ThermoKnights LLC,Richard,hvac,high,CR-39,360919,(480) 285-9284,Tucson,85748,,,
metro-concrete-az-llc,METRO CONCRETE AZ LLC,James,concrete,high,CR-9,360916,(602) 803-9263,Phoenix,85086,,,
first-choice-solutions-247-llc,"FIRST CHOICE SOLUTIONS 24.7, LLC",Jason,handyman,high,R-62,360914,(602) 796-7546,Peoria,85381,,,
lightning-mac-drilling-llc,Lightning Mac drilling llc,Adolfo,excavating,high,CR-2,360912,(602) 517-2093,Phoenix,85041,,,
jeremy-aaron-contreras,Jeremy Aaron Contreras,Jeremy,fireprotection,high,CR-16,360910,(714) 576-1026,Brea,92822,,,
jet-restoration-llc,JET RESTORATION LLC,Nick,handyman,high,R-62,360909,(480) 848-3127,PHOENIX,85044,,,
atlas-builders-group-llc,Atlas Builders Group LLC,Levy,pools,medium,KB-1,360908,(480) 407-8587,Peoria,85383,KA-5,,
premier-contractors-inc,"PREMIER CONTRACTORS, INC",Michael,insulation,high,CR-40,360907,(949) 833-0700,Newport Beach,92660,CR-10|CR-34,,
agave-woodcraft-llc,"Agave Woodcraft, LLC",Roger,general,high,KB-1,360906,(480) 236-7252,Scottsdale,85251,CR-60,,
sunset-vista-roofing-llc,Sunset Vista Roofing LLC,Alexia,roofing,high,CR-42,360905,(520) 253-0287,TUCSON,85735,,,
tucker-construction-llc,TUCKER CONSTRUCTION LLC,Marcus,general,high,KB-2,360904,(520) 686-3657,Benson,85602,,,
retail-pro-contracting-llc,Retail Pro Contracting LLC,Mitchell,general,high,B-1,360902,(770) 462-1160,Carrollton,30116,,,
galaxy-fire-equipment-consulting-llc,Galaxy Fire Equipment & Consulting LLC,RICHARD,fireprotection,high,CR-16,360901,(602) 448-5858,PHOENIX,85037,,,
j-c-grading-llc,J & C Grading LLC,Candace,excavating,high,CR-2,360900,(541) 606-7057,Waddell,85355,R-13|CR-69,,
seamless-drywall-llc,Seamless Drywall LLC,Zaul,sheetrock,high,CR-10,360899,(480) 254-4996,San Tan Valley,85144,,,
golden-grain-custom-cabinets-llc,"Golden Grain Custom Cabinets, LLC",Cipriano,carpentry,high,R-60,360898,(480) 612-2875,Maricopa,85138,,,
sewer-and-water-works-inc,Sewer And Water Works Inc.,Cory,plumbing,high,CR-37,360896,(626) 241-5554,Phoenix,85020,,,
revel-roofing-llc,Revel Roofing LLC,Brent,roofing,high,CR-42,360894,(949) 365-6787,Laguna Niguel,92677,,,
luxe-roofing-llc,LUXE Roofing LLC,Shandalynn,roofing,high,CR-42,360893,(602) 580-4181,Peoria,85383,,,
sahuaro-home-services-llc,Sahuaro Home Services LLC,Martin,painting,high,CR-34,360892,(520) 815-3425,Oro Valley,85737,,,
gold-crest-hardscapes-llc,Gold Crest Hardscapes LLC,William,landscaping,high,CR-21,360890,(623) 202-6172,PHOENIX,85035,,,
bim3-llc,BIM3 LLC,Ali,general,high,KB-1,360889,(480) 442-1978,TEMPE,85282,,,
gary-alan-garfine,Gary Alan Garfine,Gary,general,high,B-2,360888,(619) 990-8929,San Marcos,92078,,,
ros-america-racking-inc,"ROS AMERICA RACKING, INC.",Johann,carpentry,high,CR-60,360887,(602) 526-4993,Phoenix,85040,B-2,,
phaz1-comfort-solutions-llc,PHAZ1 Comfort Solutions LLC,Johnny,hvac,high,CR-39,360885,(602) 486-4438,Maricopa,85139,,,
everything-residential-llc,"Everything Residential, LLC",Christian,electrical,high,R-11,360884,(480) 798-7060,Gilbert,85233,KB-2|R-37R,,
ufirst-services-inc,UFIRST SERVICES INC.,Juan,hvac,medium,KB-1,360881,(480) 626-1234,Glendale,85310,CR-39,,
elite-excavation-llc,Elite Excavation LLC,Timothy,excavating,high,CR-2,360879,(307) 705-2622,ROCK SPRINGS,82901,,,
critical-flow-plumbing-llc,Critical Flow Plumbing llc,Randall,plumbing,high,R-37R,360878,(480) 225-3018,MESA,85208,,,
ateam-home-services-llc,ATEAM HOME SERVICES LLC,Carl,general,high,B,360876,(832) 665-4582,PHOENIX,85023,,,
delta-electronics-americas-ltd,DELTA ELECTRONICS (AMERICAS) LTD.,Colin,electrical,high,C-11,360875,(510) 668-5599,PHOENIX,85012,B-1,,
delta-electronics-americas-ltd,DELTA ELECTRONICS (AMERICAS) LTD.,Colin,electrical,high,C-11,360874,(510) 668-5599,PHOENIX,85012,B-1,,
bz-home-automation-llc,BZ Home Automation LLC,Antonio,lowvoltage,high,CR-67,360873,(928) 245-4223,SHOW LOW,85901,,,
century-builders-of-north-dakota-llc,"Century Builders of North Dakota, LLC",Anthony,general,high,B-1,360872,(701) 371-6604,Fargo,58104,,,
theodore-ross-tull,Theodore Ross Tull,Theodore,sheetrock,high,R-10,360869,(480) 261-8221,Litchfield Park,85340,,,
gardeas-construction-llc,GARDEA'S CONSTRUCTION LLC,Alberto,general,high,B,360868,(480) 246-7116,MESA,85203,,,
wpc-arizona-llc,"WPC Arizona, LLC",Alan,electrical,high,CR-11,360865,(480) 576-5770,Scottsdale,85260,,,
pei-001-llc,PEI 001 LLC,Harold,plumbing,medium,KA,360860,(480) 353-8478,San Tan Valley,85140,KB-1|CR-37,,
nexxus-electrical-contractors-llc,NEXXUS ELECTRICAL CONTRACTORS LLC,Noe,electrical,high,CR-11,360857,(214) 769-1340,Dallas,75227,,,
miller-general-contractors-llc,"Miller General Contractors, LLC",Jacob,general,high,A,360856,(618) 994-4616,Carrier Mills,62917,,,
saguaro-surface-coatings-llc,Saguaro Surface Coatings LLC,Matthew,handyman,high,R-62,360852,(480) 204-4737,QUEEN CREEK,85142,,,
ntr-electric-llc,NTR Electric LLC,Eliezer,electrical,high,CR-11,360848,(602) 780-1022,Phoenix,85029,,,
mendez-granite-llc,MENDEZ GRANITE LLC,Gabriel,carpentry,high,CR-60,360847,(520) 409-5978,TUCSON,85714,,,
2d-drilling-blasting-llc,2D DRILLING & BLASTING LLC,Jack,welldrilling,medium,KA,360846,(602) 300-0048,Queen Creek,85142,,,
medallion-roofing-llc,"Medallion Roofing, LLC",Matt,roofing,high,CR-42,360843,(917) 945-9566,Phoenix,85029,,,
the-home-squad-llc,The Home Squad LLC,Amy,hvac,high,CR-39,360842,(480) 352-5129,Scottsdale,85257,,,
mdt-electric-llc,MDT Electric LLC,Marco,electrical,high,CR-11,360841,(602) 550-2378,PHOENIX,85053,,,
dans-ac-llc,Dan's AC LLC,Sabatt,hvac,high,CR-39,360839,(480) 371-0254,MESA,85206,,,
jnb-construction-llc,JNB Construction LLC,Jaime,masonry,medium,CR-36,360838,(602) 419-7482,Avondale,85323,,,
snyder-select-service-llc,Snyder Select Service LLC,Robert,hvac,high,CR-39,360837,(480) 593-7111,MESA,85208,CR-11,,
southwest-general-contracting-llc,"Southwest General Contracting, LLC",Sigifredo,roofing,medium,KB-1,360831,(928) 978-3956,Payson,85541,CR-42|KB-2,,
celis-construction-company-llc,Celis Construction Company LLC,Estanislao,general,high,KB-2,360830,(928) 920-0415,Yuma,85365,,,
the-valley-poolbusters-llc,The Valley Poolbusters LLC,Daniel,pools,high,R-6,360829,(480) 363-1620,FOUNTAIN HILLS,85268,,,
techers-tree-service-llc,"TECHER'S TREE SERVICE, L.L.C.",Yesenia,landscaping,high,CR-21,360828,(602) 833-7416,Phoenix,85009,,,
jayco-construction-llc,JayCo Construction LLC,George,general,high,KB-1,360826,(425) 422-9126,Phoenix,85027,,,
center-pointe-signs-inc,"Center Pointe Signs, Inc.",Scott,signs,high,C-38,360825,(503) 259-8855,Beaverton,97078,,,
jb-builders-llc,JB Builders LLC,Jessica,general,high,KB-1,360824,(602) 397-2615,Glendale,85306,,,
sunset-garage-doors-llc,"SUNSET GARAGE DOORS, LLC",Michael,carpentry,high,CR-60,360823,(714) 658-8723,GOODYEAR,85338,,,
brm-services-llc,BRM Services LLC,Shawn,general,high,KB-2,360816,(602) 402-1731,PHOENIX,85027,,,
manuel-plastering-llc,MANUEL PLASTERING LLC,Manuel,masonry,medium,CR-36,360814,(928) 304-6596,YUMA,85367,,,
ggcs-llc,GGCS LLC,Christopher,general,high,KB-1,360812,(520) 900-7556,Maricopa,85138,CR-61|R-62|CR-61,,
legend-earthwork-services-llc,LEGEND EARTHWORK SERVICES LLC,William,excavating,medium,KA,360811,(480) 747-8251,Apache Junction,85119,,,
dozr-renovations-llc,DOZR Renovations LLC,Francisco,carpentry,high,R-60,360809,(520) 289-9528,Tucson,85706,,,
matthew-quinn-bastian,Matthew Quinn Bastian,Matthew,handyman,high,R-62,360807,(928) 792-7967,Huachuca City,85616,,,
on-point-mechanical-llc,On Point Mechanical LLC,Robert,hvac,high,CR-39,360805,(520) 637-5256,MARICOPA,85138,,,
precision-pro-builders-inc,Precision Pro Builders Inc.,Christopher,general,high,B-3,360804,(808) 298-4388,Scottsdale,85255,,,
monsoon-glass-llc,Monsoon Glass LLC,Marco,glass,high,CR-65,360803,(480) 652-7597,Surprise,85387,,,
york-bridge-concepts-inc,York Bridge Concepts Inc,Andrew,general,high,B-1,360800,(813) 482-0613,Lutz,33558,,,
blues-contracting-services-llc,Blue's Contracting Services LLC,MARLON,general,high,KB-2,360798,(602) 647-0332,Buckeye,85326,,,
fv-painting-llc,F.V Painting LLC,Giselle,painting,high,CR-34,360795,(602) 596-0473,PHOENIX,85029,,,
br-construction-llc,BR Construction LLC,Monica,general,high,KB-2,360794,(602) 214-7218,Phoenix,85051,,,
solis-family-glass-llc,"SOLIS FAMILY GLASS, LLC",James,glass,high,CR-65,360790,(602) 510-9948,SAN TAN VALLEY,85143,,,
desert-relief-pro-air-conditioning-heating-source-llc,Desert Relief Pro Air Conditioning & Heating Source LLC,Ramon,hvac,high,CR-39,360787,(602) 342-2314,PEORIA,85345,,,
r-e-x-llc,R E X LLC,Richard,electrical,high,R-11,360785,(602) 290-4095,Rio Verde,85263,CR-67,,
turley-fervor-llc,Turley Fervor LLC,Joseph,general,high,B,360783,(480) 243-0705,SCOTTSDALE,85251,,,
logan-pass-construction-llc,Logan Pass Construction LLC,Michael,general,high,B-1,360781,(608) 292-0241,Waunakee,53597,,,
iron-vail-contactors-llc,Iron Vail Contactors LLC,Nate,excavating,medium,A,360780,(760) 277-0193,Prescott Valley,86314,R-2,,
layer-x-llc,Layer-X LLC,Dragos,flooring,high,CR-8,360779,(480) 600-6273,PHOENIX,85016,,,
cdm-solar-inc,CDM Solar Inc,Donald,electrical,high,CR-11,360778,(909) 605-3478,Rancho Cucamonga,91730,,,
garth-corp,Garth Corp.,Garth,plumbing,medium,A,360773,(480) 464-2784,Gilbert,85297,CR-80|CR-2|CR-37|CR-57,,
alpha-remodeling-construction-llc,Alpha Remodeling & Construction LLC,Jesus,general,high,B,360772,(602) 877-4268,Goodyear,85338,,,
cgs-plumbing-inc,"CGS PLUMBING, INC.",Christopher,plumbing,high,CR-37,360767,(928) 412-5589,Huntington Beach,92647,,,
amp-smart-llc,AMP Smart LLC,Dave,lowvoltage,high,R-67,360766,(801) 734-7028,Atlanta,30305,,,
tuc-town-shotcrete-llc,Tuc-Town Shotcrete LLC,Eugenio,concrete,high,CR-70,360764,(520) 808-5367,Tucson,85752,CR-9,,
innovative-electrical-llc,"Innovative Electrical, LLC",Alfred,electrical,high,CR-11,360763,(505) 918-0208,Kirkland,87417,CR-67,,
marcisz-construction-llc,Marcisz Construction LLC,Michael,general,high,KB-1,360762,(602) 469-9399,Scottsdale,85250,A,,
arizona-residential-commercial-electric-llc,Arizona Residential & Commercial Electric LLC,Kenton,electrical,high,CR-11,360761,(520) 271-2615,Tucson,85710,,,
lobos-builders-llc,LOBOS BUILDERS LLC,Heber,masonry,medium,CR-36,360759,(520) 474-0468,TUCSON,85705,,,
sergio-emilio-torres,Sergio Emilio Torres,Sergio,hvac,high,CR-39,360757,(520) 668-4503,Tucson,85745,CR-11,,
siteworks-landscape-development-llc,Siteworks Landscape Development LLC,Cole,landscaping,high,CR-21,360755,(480) 820-1600,Chandler,85224,A,,
macs-quality-control-llc,Macs Quality Control LLC,JEFFREY,roofing,high,CR-42,360754,(602) 299-9429,NEW RIVER,85087,,,
practical-ac-and-heating-llc,Practical AC And Heating LLC,Charles,hvac,high,R-39R,360752,(623) 238-9504,APACHE JUNCTION,85119,,,
l-c-framing-llc,L & C Framing LLC,Luis,general,high,B,360751,(520) 510-8623,ELOY,85131,,,
gerry-electric-llc,Gerry Electric LLC,Gerry,electrical,high,CR-11,360748,(602) 614-0221,Tolleson,85353,,,
hardrock-jc-inc,HARDROCK JC INC.,Josh,asphalt,high,A-14,360747,(949) 755-9824,Covina,91723,,,
rns-construction-services-co-inc,"RNS CONSTRUCTION SERVICES CO, INC",Ryan,general,high,KB-2,360744,(714) 270-7181,Fountain Valley (Orange),92708,,,
golfworks-construction-development-group-corporation,GolfWorks Construction & Development Group Corporation,Clyde,landscaping,high,CR-21,360740,(805) 490-0959,Westlake Village,91361,,,
tucson-felix-sons-handyman-services-llc,"Tucson Felix & Sons Handyman Services, LLC",jonathan,carpentry,high,CR-60,360738,(520) 460-2244,TUCSON,85756,,,
elwood-construction-llc,"ELWOOD CONSTRUCTION, LLC",Michael,plumbing,medium,KB-2,360737,(480) 407-9028,Mesa,85215,CR-37,,
a-m-i-quality-home-service-inc,A M I Quality Home Service Inc,Jason,general,high,KB-2,360736,(602) 768-3997,Peoria,85383,B,,
set-stone-co-llc,Set & Stone Co. LLC,Damian,tile,high,CR-48,360732,(520) 906-5960,Tucson,85706,,,
total-landscape-creations-llc,TOTAL LANDSCAPE CREATIONS LLC,Brian,landscaping,high,CR-21,360730,(480) 486-2302,San Tan Valley,85140,,,
bremik-construction-of-arizona-llc,"Bremik Construction of Arizona, LLC",Vijay,general,high,B-1,360729,(503) 688-1000,Portland,97214,,,
yeppis-landscape-services-llc,Yeppis Landscape Services LLC,Lisa,masonry,high,CR-31,360726,(602) 370-0151,Phoenix,85035,KB-1|KA-5|CR-21,,
bryan-lee-swindell,Bryan Lee Swindell,Bryan,electrical,high,CR-11,360725,(941) 809-8624,WEST PALM BEACH,33411,,,
desert-eagle-renovations-llc,Desert Eagle Renovations LLC,Michael,general,high,B-3,360724,(602) 614-5688,Phoenix,85086,,,
wattedge-electrical-solutions-llc,WattEdge Electrical Solutions LLC,Jeremiah,electrical,high,C-11,360723,(712) 301-1992,SAN TAN VALLEY,85144,,,
conklin-electrical-etc-llc,Conklin Electrical ETC LLC,Todd,hvac,high,CR-39,360722,(520) 255-9195,Bisbee,85603,KB-1|CR-11,,
inspiration-roofing-llc,Inspiration Roofing LLC,ERIKA,roofing,high,CR-42,360720,(602) 518-0456,PHOENIX,85040,,,
tierravizta-landscapes-design-llc,TierraVizta Landscapes & Design LLC,Steven,landscaping,high,CR-21,360718,(928) 848-4027,PRESCOTT VALLEY,86314,,,
saguaro-state-construction-llc,Saguaro State Construction LLC,WILL,general,high,B-3,360716,(480) 622-6821,SAN TAN VALLEY,85140,,,
leach-electrical-repair-llc,Leach Electrical Repair LLC,Benjamin,electrical,high,R-11,360715,(480) 292-1619,Phoenix,85027,,,
eduardo-daniel-gimeno,Eduardo Daniel Gimeno,Eduardo,general,high,KB-1,360714,(480) 686-6080,Mesa,85208,,,
saiia-construction-company-llc,SAIIA Construction Company LLC,Keith,general,high,A,360713,(205) 943-2249,Birmingham,35207,,,
paradise-valley-building-and-remodeling-llc,Paradise Valley Building And Remodeling LLc,Julio,general,high,B,360712,(623) 230-7743,SURPRISE,85387,,,
always-waterheaters-llc,ALWAYS WATERHEATERS LLC,Kirk,plumbing,high,CR-37,360709,(480) 842-2827,Mesa,85206,,,
vinas-next-level-landscaping-llc,Vina's Next Level Landscaping LLC,Harrison,landscaping,high,CR-21,360707,(928) 379-1915,PRESCOTT VALLEY,86314,,,
4aw-corp,4AW Corp.,Willie,general,high,A,360704,(951) 818-3784,Eastvale,92880,,,
cutting-edge-renovations-llc,Cutting Edge Renovations LLC,Darren,plumbing,high,CR-37,360703,(480) 277-1027,Scottsdale,85254,CR-61,,
jrs-welding-and-fabrication-llc,JR's Welding And Fabrication LLC,Vicente,welding,high,R-56,360701,(623) 221-9652,Wittmann,85361,,,
snyder-select-service-llc,Snyder Select Service LLC,Robert,hvac,high,CR-39,360699,(480) 593-7111,MESA,85208,CR-11,,
zapatio-handyman-llc,ZAPATIO HANDYMAN LLC,Jose,handyman,high,R-62,360698,(520) 589-0139,TUCSON,85706,,,
mj-countertops-llc,MJ Countertops LLC,Jovany,carpentry,high,R-60,360696,(602) 491-6330,Phoenix,85043,,,
access-glass-works-llc,ACCESS GLASS WORKS LLC,Russell,glass,high,CR-65,360695,(480) 338-5412,Phoenix,85040,,,
m-and-a-painting-and-drywall-llc,"M AND A PAINTING AND DRYWALL, LLC",Marco,handyman,high,R-62,360693,(520) 368-6462,Douglas,85607,,,
next-level-construction-services-inc,"NEXT LEVEL CONSTRUCTION SERVICES, INC.",Kevin,concrete,medium,A,360691,(951) 514-4947,Murrieta,92562,B-1|C-9,,
upkeepers-llc,UpKeepers LLC,Austin,handyman,high,R-62,360690,(623) 320-6084,SCOTTSDALE,85266,,,
alpha-construction-services-llc,"Alpha Construction Services, LLC",Todd,excavating,high,CR-2,360688,(602) 935-4616,Scottsdale,85254,,,
valley-wide-construction-llc,Valley Wide Construction LLC,Phillip,plumbing,medium,B,360686,(602) 577-7183,Peoria,85381,R-37R|B-3,,
peak-custom-contracting-llc,PEAK CUSTOM CONTRACTING LLC,Marshall,general,high,B,360684,(928) 245-5420,Apache Junction,85119,,,
canyon-state-construction-llc,Canyon State Construction LLC,John,plumbing,medium,KB-2,360683,(480) 560-6308,Prescott Valley,86315,CR-37,,
kn7-llc,KN7 llc,khayman,hvac,high,CR-39,360681,(928) 846-7438,LAKE HAVASU CITY,86403,,,
terra-contracting-in-arizona-llc,Terra Contracting In Arizona LLC,Justin,general,high,A,360678,(702) 651-8100,Las Vegas,89115,KA,,
nrp-contractors-ii-llc,NRP CONTRACTORS II LLC,Juan,general,high,B-1,360677,(216) 475-8900,Cleveland,44115,,,
tower-installation-ita-inc,Tower Installation ITA Inc,Nicholas,general,high,B-1,360676,(832) 904-9500,Houston,77077,,,
air-west-mechanical-inc,Air West Mechanical Inc.,Forrest,hvac,high,CR-39,360675,(623) 252-7517,PHOENIX,85260,,,
peak-pool-care-llc,PEAK POOL CARE LLC,Matthew,pools,high,R-6,360674,(480) 734-0273,SCOTTSDALE,85255,,,
top-gun-building-llc,Top Gun Building LLC,JOSHUA,general,high,KB-1,360670,(480) 797-0751,San Tan Valley,85140,,,
ww-dirtworks-llc,WW Dirtworks LLC,Wacey,excavating,high,CR-2,360669,(928) 245-7543,Snowflake,85937,,,
mtz-insulation-llc,MTZ Insulation LLC,Jesus,insulation,high,CR-40,360668,(623) 703-9460,GOODYEAR,85338,,,
desert-color-painting-llc,Desert Color Painting LLC,Jefferson,painting,high,CR-34,360666,(480) 758-2816,Phoenix,85035,,,
unlimited-technology-inc,"Unlimited Technology, Inc.",Charles,lowvoltage,high,C-67,360665,(866) 545-8324,Herndon,20170,,,
tradework-consulting-llc,Tradework Consulting LLC,Jeffrey,carpentry,high,CR-61,360664,(520) 276-5809,Tucson,85705,,,
pdc-construction-llc,"PDC Construction, LLC",Kyle,general,high,KB-1,360658,(602) 675-0675,Glendale,85308,,,
huston-construction-llc,"Huston Construction, LLC",Kevin,general,high,KB-1,360657,(480) 881-3565,GLENDALE,85306,,,
ks-classic-homes-llc,"KS Classic Homes, LLC",Kenneth,general,high,B-1,360656,(520) 219-1766,Oro Valley,85737,B,,
duet-shades-and-structures-llc,Duet Shades and Structures LLC,Teresa,steel,high,CR-17,360655,(928) 509-3834,YUMA,85367,,,
on-site-install-llc,On Site Install LLC,Rogelio,carpentry,high,R-60,360654,(480) 231-2443,BUCKEYE,85326,,,
one-piece-flooring-llc,One Piece Flooring LLC,Jonathan,flooring,high,CR-8,360651,(480) 284-9500,Phoenix,85085,,,
seeberger-plumbing-llc,Seeberger Plumbing LLC,Eric,plumbing,high,CR-37,360649,(619) 623-9618,SURPRISE,85388,,,
elk-valley-construction-inc,"Elk Valley Construction, Inc.",Matthew,general,high,B-1,360648,(801) 499-9139,Layton,84040,,,
desert-pool-construction-landscape-llc,Desert Pool Construction & Landscape LLC,Clint,pools,high,B-5,360646,(602) 571-1094,Glendale,85308,CR-21|A-9,,
jpc-development-inc,"JPC Development, Inc.",John,general,high,B,360644,(619) 890-5331,Jamul,91935,,,
custom-air-conditioning-and-heating-llc,"CUSTOM AIR CONDITIONING AND HEATING, LLC",Abdiel,hvac,high,CR-39,360643,(480) 213-8901,MESA,85201,,,
solar-industries-inc,Solar Industries Inc,JUAN,electrical,medium,KB-1,360642,(520) 790-8989,Tucson,85746,CR-60,,
two-worlds-electric-llc,Two Worlds Electric LLC,Jonathan,electrical,high,CR-11,360641,(505) 589-1565,Mesa,85203,,,
tucson-traditional-llc,Tucson Traditional LLC,Jeffrey,general,high,KB-2,360635,(602) 663-2398,Tucson,85718,,,
tynell-handyman-services-llc,Tynell Handyman Services LLC,Ronelle,handyman,high,R-62,360634,(480) 546-9253,Phoenix,85017,,,
rsi-contracting-llc,RSI Contracting LLC,Larry,carpentry,high,C-61,360633,(520) 591-7660,Tucson,85710,B-3|R-60|R-62,,
massa-sons-painting-llc,Massa & Sons Painting LLC,Joseph,painting,high,CR-34,360631,(619) 259-7273,Chino Valley,86323,,,
epic-drywall-llc,Epic Drywall LLC,Itzel,sheetrock,medium,KB-1,360630,(602) 918-7739,Gilbert,85297,CR-10,,
dream-team-plumbing-llc,Dream Team Plumbing LLC,Taz,plumbing,high,CR-37,360626,(603) 540-8869,Mesa,85207,,,
champions-hauling-llc,Champions Hauling LLC,RYAN,demolition,high,CR-57,360621,(480) 290-3709,FLORENCE,85132,,,
aggregate-trades-llc,AGGREGATE TRADES LLC,Derrick,electrical,high,C-11,360614,(866) 765-2111,Chesapeake,23320,B-1,,
arods-electric-inc,AROD'S ELECTRIC INC.,Vidael,electrical,high,CR-11,360613,(928) 278-9445,FORT MOHAVE,86426,,,
honey-roofing-llc,Honey Roofing LLC,Porter,roofing,high,CR-42,360606,(480) 392-3582,GILBERT,85295,,,
par-3-landscape-maintenance-inc,"Par 3 Landscape & Maintenance, Inc.",Kam,landscaping,high,CR-21,360604,(702) 253-7878,Las Vegas,89103,,,
christopher-glenn-biron,CHRISTOPHER GLENN BIRON,Christopher,electrical,high,CR-11,360596,(949) 336-2236,Tustin,92780,KB-1,,
the-reel-builders-llc,The Reel Builders LLC,David,general,high,KB-1,360594,(623) 329-1498,PEORIA,85383,,,
zeus-power-controls-llc,Zeus Power Controls LLC,Kyle,electrical,high,CR-11,360591,(417) 440-1459,Scottsdale,85258,,,
american-veterans-built-llc,"AMERICAN VETERANS BUILT, LLC",John,steel,high,CR-17,360589,(480) 209-3181,Mesa,85205,,,
christopher-glenn-biron,CHRISTOPHER GLENN BIRON,Christopher,electrical,high,CR-11,360586,(949) 336-2236,Tustin,92780,KB-1,,
total-excavation-inc,Total Excavation Inc,Tyler,excavating,high,CR-2,360584,(602) 710-0713,PHOENIX,85086,,,
phoenix-underground-construction-llc,Phoenix Underground Construction LLC,Marshall,general,high,A,360581,(623) 262-3779,Phoenix,85014,,,
zamudio-roofing-llc,Zamudio Roofing LLC,SERGIO,roofing,high,CR-42,360580,(520) 223-2350,Sahuarita,85629,,,
endgrained-phx-llc,Endgrained PHX LLC,Nathan,carpentry,high,CR-60,360566,(480) 228-7710,Phoenix,85020,,,
next-gen-hvac-llc,"Next Gen HVAC, LLC",Michael,hvac,high,CR-39,360564,(602) 312-8200,Phoenix,85044,CR-40,,
iron-horse-plumbing-air-inc,"Iron Horse Plumbing & Air, Inc.",Jerry,plumbing,high,CR-37,360563,(480) 830-2865,Gilbert,85233,CR-39,,
truline-striping-llc,Truline Striping LLC,Corey,asphalt,high,A-15,360560,(602) 892-4767,Phoenix,85053,,,
alphapro-construction-llc,ALPHAPRO CONSTRUCTION  LLC,Stefan,handyman,high,R-62,360557,(623) 238-9103,Phoenix,85023,,,
down-to-earth-demolition-llc,Down-To-Earth Demolition LLC,Michael,demolition,high,CR-57,360556,(480) 438-8695,Phoenix,85021,KB-1|R-62,,
al-co-llc,A&L CO LLC,Leonel,roofing,high,CR-42,360555,(520) 248-3116,Tucson,85706,,,
roman-new-builds-llc,Roman New Builds LLC,Yassel,general,high,B,360553,(480) 335-3438,Phoenix,85021,,,
desert-sons-hvac-llc,Desert Sons HVAC LLC,David,hvac,high,CR-39,360552,(520) 308-2636,TUCSON,85713,,,
alejandro-jose-vasquez,Alejandro Jose Vasquez,Alejandro,hvac,high,CR-39,360551,(909) 453-1297,Highland,92346,,,
buena-vista-woodwork-llc,Buena Vista Woodwork LLC,Hector,carpentry,high,CR-60,360549,(520) 351-2589,Tucson,85756,,,
santana-pools-llc,Santana Pools LLC,Hector,handyman,high,R-62,360548,(480) 845-4673,Mesa,85212,CR-6,,
valley-wide-construction-llc,Valley Wide Construction LLC,Phillip,plumbing,medium,B,360547,(602) 577-7183,Peoria,85381,R-37R|B-3,,
comp-electric-llc,"COMP. ELECTRIC, LLC",Peter,electrical,high,CR-11,360545,(928) 925-6489,PRESCOTT VALLEY,86314,,,
geokinetic-inc,GeoKinetic Inc,David,excavating,medium,A,360544,(602) 544-7610,Scottsdale,85262,R-2,,
elwood-construction-llc,"ELWOOD CONSTRUCTION, LLC",Michael,plumbing,medium,KB-2,360543,(480) 407-9028,Mesa,85215,CR-37,,
mac3-plumbing-heating-cooling-llc,"MAC3 Plumbing, Heating & Cooling, LLC",Marcos,plumbing,high,CR-37,360542,(520) 664-7467,TUCSON,85705,CR-39,,
bratton-industrial-construction-inc,Bratton Industrial Construction Inc.,Sara,general,high,B-1,360539,(210) 542-0196,Adkins,78101,,,
royal-joinery-co-llc,Royal Joinery Co. LLC,Orlando,carpentry,high,CR-60,360536,(720) 809-4013,LITCHFIELD PARK,85340,,,
wickenburg-waterscapes-llc,Wickenburg Waterscapes LLC,Cary,landscaping,high,CR-21,360533,(928) 464-9055,Wickenburg,85390,,,
my-legacy-painting-llc,My Legacy Painting LLC,Joshua,painting,high,CR-34,360532,(928) 821-4882,RIMROCK,86335,,,
build-play-llc,Build Play LLC,Damian,awnings,high,C-3,360531,(602) 799-3640,Mesa,85201,B-2,,
rhino-lawn-and-pool-maintenance-llc,Rhino lawn and pool maintenance LLC,Brandon,pools,medium,KB-2,360529,(480) 516-6397,FLORENCE,85132,,,
desert-mile-landscape-llc,"Desert Mile Landscape, LLC",Ilidio,masonry,high,CR-31,360526,(602) 953-3232,Paradise Valley,85253,CR-21,,
desert-mile-landscape-llc,"Desert Mile Landscape, LLC",Ilidio,masonry,high,CR-31,360525,(602) 953-3232,Paradise Valley,85253,CR-21,,
johnson-controls-building-solutions-llc,"JOHNSON CONTROLS BUILDING SOLUTIONS, LLC",Scott,lowvoltage,high,C-67,360522,(561) 912-6917,Boca Raton,33431,C-39,,
flux-construction-llc,FLUX CONSTRUCTION LLC,Tyler,general,high,KB-1,360521,(602) 622-4462,Tempe,85288,,,
sonoran-fence-works-llc,Sonoran Fence Works LLC,Brilliant,fencing,high,CR-14,360520,(520) 526-3555,Tucson,85706,,,
handy-dutchman-llc,Handy Dutchman LLC,Joshua,general,high,KB-1,360519,(928) 302-9409,Lake Havasu City,86403,,,
grand-canyon-woodcraft-llc,Grand Canyon Woodcraft LLC,Matthew,carpentry,high,CR-60,360516,(928) 707-0481,WILLIAMS,86046,,,
gold-medal-home-improvement-repair-llc,Gold Medal Home Improvement & Repair LLC,Jose,carpentry,medium,B-3,360512,(520) 981-5718,Vail,85641,C-61,,
yeti-plumbing-llc,"Yeti Plumbing, LLC",Cayden,plumbing,high,CR-37,360510,(801) 707-2547,Mesa,85203,,,
andrews-refrigeration-inc,Andrew's Refrigeration Inc,Jayson,hvac,high,C-49,360509,(602) 992-9560,Glendale,85301,C-39|R-39R,,
optima-rpm-inc,"OPTIMA RPM, INC.",Maykel,general,high,B-1,360507,(949) 724-1399,Irvine,92614,,,
we-build-houses-inc,WE BUILD HOUSES INC.,Melissa,general,high,KB-2,360506,(480) 560-7430,Ash Fork,86320,,,
anmar-mechanical-and-electrical-contractors-ltd,Anmar Mechanical and Electrical Contractors Ltd.,Paul,electrical,high,C-11,360505,(705) 692-0888,Lively,32,B-1,,
pronghorn-construction-llc,Pronghorn Construction LLC,Josh,carpentry,medium,B-3,360499,(928) 613-2190,Chino Valley,86323,C-61,,
floors-unlimited-usa-llc,"Floors Unlimited USA, LLC",Wesley,flooring,high,C-8,360497,(615) 472-9398,Nashville,37210,,,
kustom-crafts-llc,"KUSTOM CRAFTS, LLC",David,carpentry,high,CR-60,360496,(602) 486-7613,PHOENIX,85051,,,
marz-contracting-llc,MARZ Contracting LLC,Michael,lowvoltage,high,CR-67,360495,(847) 858-0114,EL MIRAGE,85335,,,
ramos-enterprise-llc,ramos enterprise llc,Luis,general,high,KB-1,360492,(623) 920-1088,Phoenix,85009,,,
bear-down-flooring-llc,Bear Down Flooring LLC,Diego,tile,high,CR-48,360485,(520) 912-5798,TUCSON,85746,CR-8,,
contech-control-services-inc,"Contech Control Services, Inc.",Mitchell,electrical,high,C-11,360481,(281) 389-6982,La Porte,77571,,,
integrated-demolition-and-remediation-inc,Integrated Demolition and Remediation Inc.,Dale,excavating,high,A-5,360479,(714) 340-3333,Anaheim,92805,CR-57,,
renew-construction-llc,"RENEW CONSTRUCTION, LLC",Garron,general,high,B,360478,(480) 639-7296,Mesa,85206,B-2,,
mailloux-wall-covering-printing-llc,"Mailloux Wall Covering & Printing, LLC",Jesse,painting,high,CR-34,360475,(520) 730-9013,AMADO,85645,,,
jds-plumbing-llc,JD's Plumbing LLC,Joshua,plumbing,high,CR-37,360471,(623) 208-2541,Phoenix,85053,,,
accolade-homes-llc,Accolade Homes LLC,Lincoln,handyman,high,R-62,360467,(480) 798-2065,Gilbert,85234,,,
duperault-consulting-llc,Duperault Consulting LLC,David,handyman,high,R-62,360463,(623) 273-3489,Phoenix,85008,,,
yr-management-inc,Y&R MANAGEMENT INC.,Yareli,handyman,high,R-62,360458,(602) 358-3963,Phoenix,85014,,,
third-gen-construction-llc,Third Gen Construction LLC,Timothy,concrete,high,CR-9,360457,(559) 310-9287,Colorado Springs,80908,,,
frspools-llc,FRSPools LLC,Tim,pools,high,KA-5,360446,(520) 858-2385,PHOENIX,85032,CR-21,,
westview-drywall-interior-llc,Westview Drywall & Interior LLC,Robinson,sheetrock,high,CR-10,360441,(480) 670-0530,PHOENIX,85033,,,
derek-vangcharoen,Derek Vangcharoen,Krit,electrical,high,C-11,360439,(626) 912-9392,Rowland Heights,91748,C-11,,
ortiz-and-sons-electric-llc,Ortiz And Sons Electric LLC,Victor,electrical,high,CR-11,360438,(480) 645-2593,LAVEEN,85339,,,
new-hue-painting-llc,New Hue Painting LLC,Michael,painting,high,CR-34,360435,(928) 266-2658,PAULDEN,86334,,,
next-level-construction-services-inc,"NEXT LEVEL CONSTRUCTION SERVICES, INC.",Kevin,concrete,medium,A,360431,(951) 514-4947,Murrieta,92562,B-1|C-9,,
cobaa-renovation-llc,"COBAA RENOVATION, LLC",Arturo,handyman,high,R-62,360426,(520) 455-2059,Tucson,85705,,,
benjamin-handyman-and-remodeling-services-llc,Benjamin Handyman and Remodeling Services LLC,Benjamin,general,high,B,360422,(520) 508-8848,Sierra Vista,85650,,,
affordable-radon-services-llc,AFFORDABLE RADON SERVICES LLC,Tyson,concrete,high,CR-9,360420,(480) 863-6355,Phoenix,85016,,,
cyborg-electric-llc,CYBORG ELECTRIC LLC,Uriel,electrical,high,R-11,360419,(480) 797-7838,Cave Creek,85327,,,
red-mountain-plumbing-services-llc,Red Mountain Plumbing Services LLC,Steven,plumbing,high,R-37R,360410,(480) 450-8583,MESA,85211,,,
hometown-ac-llc,Hometown AC LLC,Tyler,hvac,high,CR-39,360400,(480) 341-7970,Mesa,85206,,,
resin-resolutions-llc,Resin Resolutions LLC,Ryan,handyman,high,R-62,360399,(623) 210-2661,Surprise,85379,,,
sky-junk-removal-llc,Sky Junk Removal LLC,Martin,demolition,high,C-57,360396,(602) 752-3849,GLENDALE,85301,,,
karr-construction-development-llc,Karr Construction & Development LLC,Austin,welding,medium,B,360393,(623) 696-9182,Wittmann,85361,C-24,,
rodeo-heating-and-cooling-llc,Rodeo Heating and Cooling LLC,Tommy,hvac,high,CR-39,360386,(720) 854-8130,Gilbert,85296,,,
velocity-builders-llc,VELOCITY BUILDERS LLC,Kyle,general,high,KB-2,360381,(928) 348-4663,Pima,85543,,,
desert-man-drywall-llc,Desert Man Drywall LLC,Jovany,sheetrock,high,CR-10,360379,(480) 974-2560,PEORIA,85345,,,
starsd-inc,"STARSD, INC.",Steven,flooring,high,CR-8,360377,(972) 330-0400,Dallas,75248,R-62,,
tst-carpentry-llc,TST Carpentry LLC,Tyler,carpentry,high,CR-60,360376,(443) 974-0178,Wilmington,28411,,,
alimac-construction-and-designing-llc,ALIMAC CONSTRUCTION AND DESIGNING LLC,Gustavo,general,high,B,360375,(520) 282-1672,TUCSON,85746,,,
burnt-mountain-services-llc,Burnt Mountain Services LLC,Justin,signs,high,C-38,360373,(480) 282-6875,Mesa,85207,,,
electrical-preventative-maintenance-llc,Electrical Preventative Maintenance LLC,Larry,electrical,high,CR-11,360370,(480) 234-7833,Phoenix,85044,,,
sonoran-cactus-roofing-llc,"Sonoran Cactus Roofing, LLC",Jesus,roofing,high,CR-42,360369,(520) 445-1634,Tucson,85714,,,
renew-construction-llc,"RENEW CONSTRUCTION, LLC",Garron,general,high,B,360368,(480) 639-7296,Mesa,85206,B-2,,
wild-country-plumbing-llc,WILD COUNTRY PLUMBING LLC,Zachary,plumbing,high,CR-37,360367,(928) 270-3330,Mesa,85213,,,
holt-renewables-llc,HOLT RENEWABLES LLC,Alexander,electrical,high,C-11,360366,(512) 382-2999,Austin,78746,,,
hand-ty-llc,Hand TY LLC,Tyler,painting,high,CR-34,360364,(480) 708-6059,Mayer,86333,,,
mata-framing-llc,MATA FRAMING LLC,Camila,carpentry,high,CR-7,360362,(602) 900-6288,PEORIA,85345,,,
kennedy-painting-and-drywall-llc,Kennedy Painting and Drywall LLC,Spencer,painting,high,CR-34,360359,(623) 418-5018,Glendale,85308,CR-36|CR-10,,
ea-engineering-science-and-technology-inc-pbc,"EA Engineering, Science, and Technology, Inc., PBC",Matthew,general,high,A,360358,(410) 527-2400,Hunt Valley,21031,,,
daniel-john-clark,Daniel John Clark,Daniel,handyman,high,R-62,360356,(818) 613-8735,Glendale,91203,,,
amg-contracting-llc,AMG Contracting LLC,Oscar,sheetrock,high,CR-10,360354,(602) 877-5441,Laveen,85339,CR-7,,
expedite-fire-inc,"Expedite Fire, Inc.",Leslie,fireprotection,high,C-16,360349,(714) 535-5761,TEMPE,85284,,,
buildworks-inc,BuildWorks Inc.,Daniel,painting,high,C-34,360348,(310) 953-5577,Redondo Beach,90278,,,
twc-north-scottsdale-inc,TWC North Scottsdale Inc,Charles,painting,high,CR-34,360347,(480) 758-5300,Scottsdale,85254,,,
mb-home-services-llc,"MB HOME SERVICES, LLC",Michael,pools,high,R-6,360346,(602) 410-6535,QUEEN CREEK,85142,,,
juris-enterprises-llc,"JURIS ENTERPRISES, LLC",Matthew,general,high,B,360344,(602) 573-7414,Scottsdale,85266,,,
lockwood-plumbing-llc,Lockwood Plumbing LLC,Nathan,plumbing,high,R-37R,360343,(480) 570-9601,Peoria,85345,C-37,,
bc2-environmental-llc,"BC2 Environmental, LLC",Diego,welldrilling,high,CR-53,360342,(714) 744-2990,Orange,92867,,,
cbhl-llc,"CBHL, LLC",Luke,lowvoltage,high,C-67,360341,(702) 343-1167,Las Vegas,89144,,,
do-it-yall-plumbing-llc,"DO IT Y'ALL PLUMBING, LLC",Justin,plumbing,high,CR-37,360340,(480) 364-8255,MESA,85207,,,
maels-mighty-demo-llc,Mael's Mighty Demo LLC,Monico,demolition,high,CR-57,360337,(602) 540-7681,Laveen,85339,,,
black-hill-property-services-llc,Black Hill Property Services LLC,EVAN,landscaping,high,CR-21,360336,(928) 486-7203,Lake Havasu City,86406,,,
the-metal-shop-of-yuma-llc,"THE METAL SHOP OF YUMA, LLC",Adrian,welding,high,CR-24,360333,(928) 580-1448,Yuma,85365,,,
tucson-granite-and-stone-llc,TUCSON GRANITE AND STONE LLC,Ricardo,carpentry,high,CR-60,360331,(520) 631-1882,Tucson,85713,,,
az-granite-solutions-llc,AZ Granite Solutions LLC,Juan,carpentry,high,CR-60,360330,(520) 358-1211,Tucson,85713,,,
tactical-hvac-llc,Tactical HVAC LLC,Gilbert,hvac,high,CR-39,360329,(602) 319-6807,Litchfield Park,85340,,,
az-systems-llc,AZ SYSTEMS LLC,Cornelius,hvac,high,CR-39,360328,(520) 912-5112,Tucson,85711,,,
floor-source-llc,Floor Source LLC,Thomas,flooring,medium,KB-2,360327,(602) 276-8723,Phoenix,85023,CR-8,,
wills-total-home-solutions-llc,WILL'S TOTAL HOME SOLUTIONS LLC,William,handyman,high,R-62,360323,(928) 951-6446,PHOENIX,85054,,,
tig-development-llc,Tig Development LLC,Billy,general,high,B,360322,(520) 709-8683,Casa Grande,85122,,,
perez-stone-works-llc,Perez Stone Works LLC,Miguel,carpentry,high,CR-60,360320,(520) 999-5652,TUCSON,85706,,,
murphy-daughters-llc,MURPHY & DAUGHTERS LLC,Alexis,general,high,B,360319,(949) 274-2161,Scottsdale,85267,,,
della-terra-home-services-llc,Della Terra Home Services LLC,Bryant,handyman,high,R-62,360318,(928) 522-4028,Phoenix,85016,,,
at-signature-llc,"A.T. SIGNATURE, LLC",Connor,general,high,B,360317,(480) 830-8122,MESA,85215,,,
western-walls-single-family-llc,Western Walls Single Family LLC,Bryant,sheetrock,high,CR-10,360314,(480) 593-8852,Mesa,85212,,,
mid-america-golf-and-landscape-inc,Mid America Golf and Landscape Inc,Tyler,general,high,B-1,360311,(816) 524-0010,Lee's Summit,64081,,,
sonoran-sparkles-llc,SONORAN SPARKLES LLC,Rogelio,handyman,high,R-62,360309,(520) 302-9028,TUCSON,85715,,,
prime-mechanical-solutions-inc,Prime Mechanical Solutions Inc.,Louie,hvac,high,CR-39,360307,(602) 848-8444,Glendale,85310,,,
phoenix-electrical-solutions-llc,Phoenix Electrical Solutions LLC,Christopher,electrical,high,C-11,360306,(602) 570-4788,Phoenix,85044,CR-11,,
top-notch-air-conditioning-plumbing-llc,Top Notch Air Conditioning & Plumbing L.L.C.,JOSEPH,plumbing,high,CR-37,360305,(480) 217-5495,Prescott Valley,86314,CR-11|CR-39,,
plumbing-services-inc,"PLUMBING SERVICES, INC.",Luis,plumbing,high,CR-37,360302,(760) 679-7297,Yuma,85364,,,
advanced-roofing-cooling-llc,ADVANCED ROOFING & COOLING LLC,Gabriel,hvac,high,CR-39,360296,(928) 366-3890,Yuma,85364,CR-42,,
advanced-roofing-cooling-llc,ADVANCED ROOFING & COOLING LLC,Gabriel,hvac,high,CR-39,360295,(928) 366-3890,Yuma,85364,CR-42,,
saguaro-valley-plumbing-llc,Saguaro Valley Plumbing LLC,Brian,plumbing,high,CR-37,360291,(602) 419-7638,SAHUARITA,85629,,,
phoenix-garage-gurus-llc,Phoenix Garage Gurus LLC,Justin,carpentry,high,CR-60,360289,(928) 668-3755,Phoenix,85085,,,
1stcall-restoration-llc,1stCall Restoration LLC,Benjamin,general,high,KB-1,360283,(951) 207-7105,Tucson,85749,,,
48-concrete-llc,48 Concrete LLC,Jacob,concrete,high,CR-9,360279,(480) 465-6610,Chandler,85225,,,
shelter-renovations-llc,Shelter Renovations LLC,Courtney,general,high,B-3,360275,(312) 909-1589,Scottsdale,85260,,,
firm-foundations-by-jardines-llc,Firm Foundations by Jardines LLC,Elton,concrete,high,CR-9,360273,(623) 755-6877,PHOENIX,85016,,,
all-pro-garage-inc,ALL PRO GARAGE INC.,Fernando,carpentry,high,CR-60,360271,(520) 254-9087,TUCSON,85716,,,
m-r-home-builders-llc,M. R. HOME BUILDERS LLC,Erik,general,high,KB-1,360270,(480) 469-0477,GLENDALE,85301,,,
wright-construction-services-of-arizona-inc,"WRIGHT CONSTRUCTION SERVICES OF ARIZONA, INC.",Nathan,general,high,B-1,360266,(636) 220-6850,Scottsdale,85262,,,
sella-homes-llc,Sella Homes LLC,Michael,general,high,B,360264,(602) 350-4888,PHOENIX,85018,,,
swinerton-energy-inc,"Swinerton Energy, Inc",Aaron,general,high,A,360263,(925) 602-6400,Concord,94520,,,
az-electric-pros-llc,AZ ELECTRIC PROS LLC,Gheorghe,electrical,high,CR-11,360261,(623) 210-5171,Glendale,85308,,,
cool-techs-heating-and-cooling-llc,"Cool Techs Heating and Cooling, LLC",Manuel,hvac,high,CR-39,360260,(602) 388-7234,LAVEEN,85339,,,
steve-anthony-betancourt,Steve Anthony Betancourt,Steve,handyman,high,R-62,360257,(714) 855-1051,Fort Mohave,86426,,,
justin-lee-vowell,Justin Lee Vowell,Justin,general,high,KB-1,360254,(928) 243-2831,taylor,85939,,,
cactus-state-development-llc,Cactus State Development LLC,Jose,hvac,high,CR-39,360252,(480) 274-7798,Chandler,85225,CR-37|KB-1|A|R-39R|C-39,,
soil-solutions-llc,Soil Solutions LLC,Drewmarea,excavating,high,R-2,360251,(510) 706-4724,PHOENIX,85007,,,
guerilla-hvac-services-llc,Guerilla HVAC Services LLC,Justin,hvac,high,CR-39,360250,(602) 384-1100,Apache Junction,85119,,,
amc-mechanical-llc,AMC Mechanical LLC,Scott,steel,high,A-11,360247,(205) 525-0040,Cropwell,85054,,,
massats-metal-llc,Massats Metal LLC,Max,fencing,high,R-14,360246,(623) 293-1422,El Mirage,85335,,,
r-f-macdonald-co-llc,R F  MACDONALD CO LLC,Benjamin,plumbing,medium,C-4,360245,(510) 784-0110,Hayward,94545,,,
harris-elite-finishes-llc,Harris Elite Finishes LLC,Shane,masonry,medium,CR-36,360244,(480) 694-7145,Phoenix,85028,,,
salinas-reyes-drywall-llc,SALINAS REYES DRYWALL LLC,Jerry,sheetrock,high,CR-10,360239,(928) 315-0080,Somerton,85350,,,
aggregate-trades-llc,AGGREGATE TRADES LLC,Derrick,electrical,high,C-11,360238,(866) 765-2111,Chesapeake,23320,B-1,,
kodiak-garage-doors-llc,Kodiak Garage Doors LLC,Sagi,carpentry,high,CR-60,360237,(480) 418-2781,MESA,85213,,,
custom-touch-renovation-llc,CUSTOM TOUCH RENOVATION LLC,Jonathan,masonry,high,CR-31,360234,(520) 465-1362,TUCSON,85743,,,
dynamix-heating-and-cooling-lp,Dynamix Heating and Cooling LP,Jesse,hvac,high,CR-39,360233,(602) 679-7209,Scottsdale,85255,KB-1,,
a-k-plumbing-mechanical-and-hvac-llc,"A & K PLUMBING, MECHANICAL AND HVAC LLC",kent,hvac,high,CR-39,360230,(480) 980-8613,Mesa,85206,CR-37,,
sp-mechanical-llc,SP MECHANICAL LLC,JOSE,hvac,high,CR-39,360227,(602) 541-0295,PHOENIX,85033,,,
mountainview-electric-llc,Mountainview Electric LLC,john,electrical,high,CR-11,360226,(480) 250-7652,WILLIAMS,86046,,,
gulf-perlite-usa-inc,"GULF PERLITE USA, INC.",Kyle,insulation,high,C-40,360225,(830) 880-7001,Rosenberg,77471,,,
desert-canyon-custom-houses-llc,Desert Canyon Custom Houses LLC,Tyler,general,high,B,360224,(360) 606-6075,Bullhead City,86429,,,
architectural-palms-llc,"Architectural Palms, LLC",Aaron,general,high,KB-2,360223,(928) 246-2675,PHOENIX,85050,,,
j-and-a-home-services-llc,J and A Home Services LLC,Joaquin,hvac,high,CR-39,360221,(602) 628-2537,Buckeye,85396,,,
diamond-construction-llc,"Diamond Construction, LLC",Guadalupe,excavating,high,CR-2,360219,(818) 481-6184,Wittman,85361,A,,
california-boring-inc,California Boring Inc,Patrick,general,high,A,360218,(714) 632-1596,Anaheim,92806,,,
wesam-construction-llc,WESAM CONSTRUCTION LLC,Wisam,general,high,KB-1,360217,(279) 777-7772,Hawthorne,90250,,,
motili-inc,"Motili, Inc",Nicholas,hvac,high,R-39,360216,(916) 849-7430,Denver,80202,C-39,,
superior-decks-operating-llc,Superior Decks Operating LLC,Tyler,welding,high,C-24,360215,(952) 767-1100,Hopkins,55343,,,
simply-gate-co-llc,Simply Gate co LLC,Chad,fencing,high,CR-14,360214,(602) 320-4742,BLACK CANYON CITY,85324,,,
above-beyond-glass-of-arizona-llc,Above & Beyond Glass of Arizona LLC,Fenton,glass,high,CR-65,360211,(623) 210-8877,PHOENIX,85086,,,
lh-bros-llc,LH BROS LLC,Tucker,general,high,B,360207,(250) 631-9681,Phoenix,85016,,,
sasquatch-power-solutions-llc,Sasquatch Power Solutions LLC,Liam,electrical,high,CR-11,360206,(520) 606-6181,TUCSON,85756,,,
sullivan-construction-group-llc,Sullivan Construction Group LLC,James,general,high,B,360204,(480) 215-3131,Apache Junction,85119,,,
hanwha-q-cells-epc-usa-llc,Hanwha Q Cells EPC USA LLC,Kevin,electrical,medium,KB-1,360198,(000) 000-0000,Irvine,92618,C-11,,
albertos-paint-company-llc,Alberto's Paint Company LLC,Alberto,painting,high,C-34,360197,(801) 875-2428,Farmington,84025,,,
kje-landscape-maintenance-inc,KJE Landscape Maintenance Inc,Steven,landscaping,high,CR-21,360196,(480) 586-8445,Mesa,85202,,,
wild-west-cooling-heating-llc,Wild West Cooling & Heating LLC,Jacob,hvac,high,CR-39,360195,(602) 772-9399,New River,85087,,,
topwater-plumbing-air-llc,Topwater Plumbing & Air LLC,Nicholas,hvac,high,CR-39,360189,(480) 717-2397,Mesa,85209,CR-37,,
leak-tech-llc,Leak Tech LLC,Velibor,plumbing,high,CR-37,360185,(480) 208-4557,Tempe,85288,R-6,,
henrie-deever-windows-llc,"Henrie Deever Windows, LLC",Joseph,carpentry,high,R-60,360182,(801) 592-0831,Pleasant Grove,84062,,,
yuma-remodeling-repair-llc,Yuma Remodeling & Repair LLC,Ruben,handyman,high,R-62,360180,(928) 210-8638,Yuma,85364,,,
srdi-llc,"SRDI, LLC",Joseph,general,high,KB-2,360174,(951) 505-3888,Lake Havasu City,86403,,,
jen-the-builder-electric-llc,Jen The Builder Electric LLC,Ruben,electrical,high,R-11,360173,(602) 203-2320,Phoenix,85022,,,
az-restore-construction-llc,AZ Restore Construction LLC,Joseph,general,high,KB-2,360169,(480) 532-6511,PHOENIX,85041,,,
the-landscape-guys-llc,The Landscape Guys LLC,Jordan,plumbing,high,R-37R,360166,(480) 848-2824,Queen Creek,85142,,,
espinozs-landscaping-llc,Espinoz@'s Landscaping LLC,Diego,landscaping,high,CR-21,360165,(520) 727-1135,TUCSON,85743,,,
a-construction-design-llc,A+ Construction & Design LLC,Antonio,general,high,B,360162,(480) 665-7817,San Tan Valley,85142,,,
swat-plumbing-llc,SWAT PLUMBING LLC,David,plumbing,high,CR-37,360160,(602) 888-3775,Vancouver,98664,,,
passage-development-llc,"Passage Development, LLC",Daniel,general,high,KB-2,360158,(480) 745-9566,SCOTTSDALE,85250,,,
the-best-choice-contractors-llc,The Best Choice Contractors LLC,Francisco,general,high,KB-2,360155,(520) 979-2838,TUCSON,85745,,,
chief-tribal-innovations-llc,Chief Tribal Innovations LLC,Todd,general,high,KB-1,360150,(928) 266-8465,Lakeside,85929,,,
sapphire-pool-solutions-llc,Sapphire Pool Solutions LLC,TYSON,pools,high,KA-5,360149,(702) 430-0972,Anthem,85086,,,
sapper-hvac-llc,Sapper HVAC LLC,Sunny,hvac,high,CR-39,360142,(480) 709-3912,CHANDLER,85226,,,
vibrant-vistas-landscaping-and-hardscape-llc,VIBRANT VISTAS LANDSCAPING AND HARDSCAPE LLC,Angel,landscaping,high,CR-21,360141,(480) 229-1483,El Mirage,85335,,,
vix-landscape-llc,VIX Landscape LLC,Mark,landscaping,high,CR-21,360137,(623) 806-4757,Surprise,85378,,,
watt-a-co-llc,"WATT-A-CO, LLC",Jan,electrical,high,CR-11,360134,(602) 376-1898,New River,85087,,,
heart-of-glass-llc,Heart Of Glass LLC,Ronald,glass,high,R-65,360133,(714) 270-4643,Phoenix,85015,,,
rae-llc,RAE LLC,Kevin,painting,high,CR-34,360132,(480) 430-3376,Chandler,85224,CR-34,,
one-electric-llc,One Electric LLC,Fahad,electrical,high,CR-11,360128,(818) 300-9995,Sylmar,91342,,,
calibrated-mechanical-systems-llc,Calibrated Mechanical Systems LLC,Rodney,hvac,high,CR-39,360125,(719) 640-2634,Oracle,85623,,,
hb-construction-inc,"HB Construction, Inc.",Jason,general,high,B-1,360121,(505) 856-0404,Albuquerque,87106,,,
gallo-roofing-llc,Gallo Roofing LLC,Erasmo,roofing,high,CR-42,360116,(480) 826-7297,Phoenix,85041,,,
mrd-construction-llc,MRD Construction LLC,Bryan,general,high,KB-1,360115,(480) 628-1465,Glendale,85308,,,
aquarium-pools-llc,Aquarium Pools LLC,Martha,masonry,medium,CR-36,360113,(602) 903-9242,Glendale,85302,R-6,,
gurley-development-llc,Gurley Development LLC,John,general,high,KB-1,360109,(480) 473-7300,Phoenix,85024,KB-2,,
outdoor-solutions-llc,Outdoor Solutions LLC,Leslie,landscaping,high,CR-21,360102,(602) 725-0993,MESA,85207,,,
serenity-pools-and-outdoor-living-llc,Serenity Pools and Outdoor living LLC,Diogo,pools,high,B-5,360100,(480) 694-8932,MESA,85209,,,
bravus-construction-llc,"Bravus Construction, LLC",Kevin,sheetrock,high,CR-10,360098,(602) 489-8815,GLENDALE,85303,,,
chp-electrical-services-inc,CHP Electrical Services Inc.,Patrick,electrical,high,CR-11,360092,(801) 898-2426,Moab,86432,,,
serrano-pavers-turf-llc,SERRANO PAVERS & TURF LLC,Gregory,landscaping,high,CR-21,360090,(602) 628-1224,PEORIA,85383,,,
tucson-affordable-landscaping-removal-services-llc,Tucson Affordable Landscaping & Removal Services LLC,Miko,landscaping,high,CR-21,360086,(520) 254-7089,TUCSON,85745,,,
crevy-336-llc,Crevy 336 LLC,Carl,flooring,high,R-8,360083,(602) 475-3868,Scottsdale,85254,,,
woodworm-llc,Woodworm LLC,James,carpentry,high,CR-60,360082,(480) 369-2011,Mesa,85202,,,
uptop-electric-llc,"UpTop Electric, LLC",Ronald,electrical,high,R-11,360080,(352) 949-1028,COOLIDGE,85128,,,
smart-pool-services-llc,Smart Pool Services LLC,Christopher,pools,high,R-6,360079,(518) 331-6455,Austin,78759,C-6|KA-5|CR-6,,
relentless-quality-repair-llc,"RELENTLESS QUALITY REPAIR, LLC",Roberto,steel,high,CR-17,360073,(906) 236-5430,Mammoth,85618,CR-34,,
smart-pool-services-llc,Smart Pool Services LLC,Christopher,pools,high,R-6,360068,(518) 331-6455,Austin,78759,C-6|KA-5|CR-6,,
waterworks-maintenance-repair-services-llc,"Waterworks Maintenance & Repair Services, LLC",Donnie,pools,high,CR-6,360067,(602) 783-0551,Mesa,85210,C-11,,
az-premier-construction-llc,AZ Premier Construction LLC,Jacob,general,high,B-3,360063,(520) 396-0114,Oro Valley,85755,,,
maryvale-construction-llc,Maryvale Construction LLC,Mary,general,high,KB-1,360062,(480) 287-6741,Phoenix,85037,,,
full-draw-contracting-llc,Full Draw Contracting LLC,Vanessa,general,high,KB-1,360058,(480) 584-9241,Wittmann,85361,,,
legacy-drilling-llc,LEGACY DRILLING LLC,Rusty,general,high,A,360054,(949) 333-1505,Converse,78109,,,
polar-air-mechanical-inc,Polar Air Mechanical Inc.,Sergio,hvac,high,CR-39,360052,(619) 975-7162,Imperial,92251,CR-11,,
yonan-heating-cooling-llc,Yonan Heating & Cooling LLC,Tony,hvac,high,CR-39,360050,(209) 988-0650,Tempe,85281,,,
kirk-patrick-gilliam,Kirk Patrick Gilliam,Kirk,electrical,high,CR-11,360048,(619) 884-9465,Tubac,85646,,,
hardway-industrial-llc,"Hardway Industrial, LLC",MICHAEL,welding,high,CR-56,360046,(520) 483-3188,Chandler,85248,CR-24,,
hardway-industrial-llc,"Hardway Industrial, LLC",MICHAEL,welding,high,CR-56,360045,(520) 483-3188,Chandler,85248,CR-24,,
aria-remodeling-llc,Aria Remodeling LLC,Arash,carpentry,high,R-60,360042,(480) 238-7687,Mesa,85206,R-62,,
a-onic-air-heating-and-cooling-systems-llc,A-Onic Air Heating and Cooling Systems LLC,Jeremy,hvac,high,CR-39,360041,(520) 245-0138,TUCSON,85706,,,
true-craft-remodeling-llc,"TRUE CRAFT REMODELING, LLC",Adam,general,high,B-3,360040,(480) 243-4652,Gilbert,85296,,,
az-paintworks-llc,AZ Paintworks LLC,Carmen,painting,high,CR-34,360039,(623) 203-6722,Surprise,85388,,,
ram-bros-logistics-llc,Ram Bros Logistics LLC,Rueben,lowvoltage,high,CR-67,360038,(602) 561-8425,Phoenix,85031,R-2|CR-2,,
drill-max-midwest-inc,Drill Max Midwest INC,Eduardo,excavating,high,A-5,360037,(913) 325-7830,Orlando,32829,,,
megawatt-solutions-inc,"Megawatt Solutions, Inc",Dustin,electrical,high,C-11,360035,(669) 221-0964,Saratoga,95070,,,
wtp-electric-llc,"WTP Electric, LLC",Gustavo,electrical,high,CR-11,360034,(951) 283-9983,NEW RIVER,85087,,,
legendary-roofing-llc,Legendary Roofing LLC,Carlos,roofing,high,CR-42,360033,(623) 297-0565,PHOENIX,85017,,,
golden-rule-construction-llc,Golden Rule Construction LLC,Philip,plumbing,medium,KA,360032,(520) 253-0383,Tucson,85706,CR-37|KB-1,,
price-woodworks-llc,"PRICE WOODWORKS, LLC",Andre,carpentry,high,R-60,360031,(480) 278-0750,QUEEN CREEK,85240,,,
rodri-heating-and-cooling-pllc,Rodri Heating and Cooling PLLC,Justin,hvac,high,CR-39,360028,(505) 681-3756,Scottsdale,85266,,,
roddrywall-inc,RodDrywall Inc,Francisco,sheetrock,high,CR-10,360027,(408) 665-6487,Gilroy,95020,,,
waterworks-maintenance-repair-services-llc,"Waterworks Maintenance & Repair Services, LLC",Donnie,pools,high,CR-6,360023,(602) 783-0551,Mesa,85210,C-11,,
redstone-commercial-group-llc,REDSTONE COMMERCIAL GROUP LLC,Chad,masonry,medium,B,360022,(480) 825-8225,Queen Creek,85142,C-61,,
perkins-sons-llc,"Perkins & Sons, LLC",Jeffrey,hvac,high,CR-39,360016,(602) 694-2580,Gilbert,85234,,,
poipu-blue-llc,"POIPU BLUE, LLC",Timothy,handyman,high,R-62,360014,(480) 740-5547,Apache Junction,85119,,,
peak-renovations-llc,Peak Renovations LLC,Joseph,tile,high,CR-48,360013,(602) 551-6707,Glendale,85308,,,
air-works-heating-cooling-llc,Air Works Heating & Cooling LLC,markus,hvac,high,CR-39,360012,(623) 826-4834,Glendale,85306,,,
empower-electric-inc,Empower Electric Inc,Scott,electrical,high,CR-11,360011,(800) 306-6953,Clovis,93611,CR-39|KB-1|CR-42,,
rpg-industries-llc,RPG Industries LLC,Remondo,plumbing,high,CR-37,360005,(928) 615-0567,YUMA,85364,,,
aeroseal-llc,"Aeroseal, LLC",Jacob,hvac,medium,CR-45,360004,(937) 428-9300,Miamisburg,45342,,,
proper-build-group-llc,Proper Build Group LLC,Jacob,general,high,KB-1,359997,(307) 752-9062,Surprise,85374,,,
tier-1-roofing-and-construction-llc,Tier 1 Roofing and Construction LLC,Tyler,roofing,medium,B,359993,(602) 918-0031,Wickenburg,85390,,,
kp-plumbing-llc,K&P Plumbing LLC,Russell,plumbing,high,CR-37,359992,(520) 591-7707,TUCSON,85704,,,
blevins-earthwork-constructors-inc,Blevins Earthwork Constructors Inc,Jacob,excavating,medium,KA,359989,(602) 686-1053,Buckeye,85326,R-2|A-12|R-37R,,
eco-glass-systems-llc,Eco Glass Systems LLC,Wayne,glass,high,CR-65,359988,(714) 721-0346,Prescott,86301,,,
peechaco-llc,Peechaco LLC,John,general,high,KB-2,359985,(949) 690-5909,Phoenix,85048,,,
polar-services-llc,Polar Services LLC,Blake,hvac,high,CR-39,359982,(480) 798-4687,Florence,85132,,,
aguilas-construction-llc,AGUILAS CONSTRUCTION LLC,Jacob,general,high,KB-1,359973,(480) 271-4456,Phoenix,85017,,,
l-k-roofing-llc,"L & K ROOFING, LLC.",Francisco,roofing,high,CR-42,359971,(520) 471-7292,TUCSON,85706,,,
advanced-storm-roofing-llc,Advanced Storm Roofing LLC,Dennis,roofing,high,CR-42,359969,(520) 445-9945,TUCSON,85719,,,
vulcan-fence-llc,"VULCAN FENCE, LLC",Emanuel,fencing,high,CR-14,359968,(602) 561-8002,Laveen,85339,CR-31,,
roark-concrete-llc,Roark Concrete LLC,Trey,concrete,high,R-9,359962,(928) 848-9215,PRESCOTT VALLEY,86314,,,
keyway-management-llc,"Keyway Management, LLC",Jeramy,plumbing,high,R-37R,359956,(480) 239-7005,Mesa,85215,R-14,,
pgk-landscaping-llc,PGK Landscaping LLC,Jaime,landscaping,high,CR-21,359954,(602) 775-3082,Phoenix,85009,,,
bb-residential-builders-llc,BB RESIDENTIAL BUILDERS LLC,Adam,general,high,B,359953,(520) 840-0825,Arizona city,85123,,,
platinum-pro-painting-llc,Platinum Pro Painting LLC,Francisco,painting,high,CR-34,359945,(505) 559-3568,Phoenix,85032,,,
capital-test-balance-inc,Capital Test & Balance Inc.,Jonathan,hvac,high,C-58,359944,(916) 577-0337,Roseville,95678,,,
mcw-builders-llc,MCW Builders LLC,Mark,general,high,B,359943,(928) 592-8485,Happy Jack,86024,B,,
rising-phoenix-lathers-llc,Rising Phoenix Lathers LLC,Jose,masonry,medium,CR-36,359940,(520) 213-7072,Kingman,86401,,,
aspirational-technology-co,Aspirational Technology Co.,Jonathan,electrical,high,C-11,359937,(602) 581-3558,Phoenix,85027,B-1,,
asap-home-service-enterprises-llc,ASAP HOME SERVICE ENTERPRISES LLC,James,handyman,high,R-62,359936,(623) 633-6353,CHANDLER,85248,,,
aces-concrete-llc,ACES CONCRETE LLC,Eustorgio,concrete,high,CR-9,359935,(928) 710-5614,CHINO VALLEY,86323,,,
arizona-creations-landscaping-llc,Arizona Creations Landscaping LLC,christopher,landscaping,high,CR-21,359934,(480) 261-7114,Phoenix,85022,,,
shower-remodel-pros-llc,Shower Remodel Pros LLC,Gregory,general,high,B-3,359933,(602) 614-3738,Mesa,85206,,,
reliant-restoration-llc,"Reliant Restoration, LLC",Rick,general,high,KB-1,359932,(602) 919-6305,Mesa,85206,,,
matthew-peter-couper,Matthew Peter Couper,Matthew,fencing,high,CR-14,359931,(949) 241-7835,Mission Viejo,92692,,,
compass-west-inc,Compass West Inc,Robert,general,high,B,359930,(206) 518-7409,Escondido,92026,,,
heltzel-sons-inc,Heltzel & Sons Inc,John,septic,high,R-41,359926,(928) 245-1922,Saint Johns,85936,CR-2,,
bravo-restoration-llc,Bravo Restoration LLC,Markus,carpentry,high,C-61,359921,(480) 331-3596,GILBERT,85233,B-3,,
precision-edge-exteriors-llc,Precision Edge Exteriors LLC,Stan,general,high,KB-1,359920,(435) 212-1459,Colorado City,86021,,,
southern-az-concrete-llc,Southern AZ Concrete LLC,Marcus,concrete,high,CR-9,359919,(410) 812-0313,TUCSON,85749,,,
henrik-ter-issayan,HENRIK TER ISSAYAN,Henrik,roofing,high,CR-42,359918,(818) 232-2794,Sunland,91040,,,
brush-beyond-llc,Brush & Beyond LLC,Christopher,painting,high,R-34,359917,(928) 940-9998,Show Low,85901,,,
acl-outdoor-services-llc,ACL Outdoor Services LLC,Jonathan,landscaping,high,CR-21,359915,(602) 796-7837,PHOENIX,85032,,,
leak-hunters-llc,LEAK HUNTERS LLC,Andrew,pools,high,CR-6,359914,(623) 980-2888,Glendale,85305,,,
the-quality-plus-group-inc,THE QUALITY PLUS GROUP INC,Daniel,general,high,B-1,359912,(909) 841-2619,Corona,92879,,,
arkotex-inc,"Arkotex, Inc.",Michael,painting,high,C-34,359911,(479) 736-2621,Siloam Springs,72761,,,
3-sons-electric-llc,3 Sons Electric LLC,MICHAEL,electrical,high,R-11,359910,(480) 742-4717,Florence,85132,C-11,,
roofing-plus-construction-llc,Roofing Plus Construction LLC,Jeffrey,roofing,high,CR-42,359909,(605) 631-9657,Sturgis,57785,,,
redstone-commercial-group-llc,REDSTONE COMMERCIAL GROUP LLC,Chad,masonry,medium,B,359908,(480) 825-8225,Queen Creek,85142,C-61,,
ds-steel-and-construction-inc,"DS STEEL AND CONSTRUCTION, INC.",DUK,hvac,high,CR-39,359907,(714) 287-7002,Mesa,85201,B-1|CR-11|CR-37|CR-16,,
ott-plumbing-llc,OT&T Plumbing LLC,Jose,plumbing,high,CR-37,359906,(915) 263-7476,El Paso,79907,,,
general-refrigeration-8-service-llc,General Refrigeration 8 Service LLC,Gilberto,hvac,high,CR-39,359905,(602) 538-9618,WADDELL,85355,,,
huntt-plumbing-and-drain-llc,Huntt Plumbing And Drain LLC,Hunter,plumbing,high,R-37R,359902,(480) 594-6161,San tan valley,85140,,,
precision-climate-control-llc,Precision Climate Control LLC,Joshua,hvac,high,CR-39,359901,(520) 719-2665,Sahuarita,85629,,,
centurion-general-contracting-llc,Centurion General Contracting LLC,Rafael,general,high,B,359900,(520) 990-4209,TUCSON,85704,,,
iconic-projects-inc,Iconic Projects Inc,Donald,general,high,KB-1,359898,(909) 709-5585,Buckeye,85326,,,
perez-companies-inc,Perez Companies Inc,John,general,high,KB-1,359896,(928) 699-4433,Parks,86018,,,
ez-erectors-inc,"EZ-Erectors, Inc.",Kevin,general,high,B-1,359895,(231) 421-8502,Traverse City,49686,,,
slabhaus-llc,SlabHaus LLC,Richard,carpentry,high,CR-60,359894,(480) 577-8416,Phoenix,85016,,,
serenity-glass-llc,SERENITY GLASS LLC,Edward,glass,high,R-65,359887,(928) 772-5710,QUEEN CREEK,85142,,,
huitt-construction-llc,Huitt Construction LLC,James,general,high,KB-1,359881,(541) 678-0204,MARICOPA,85138,,,
ea-landscaping-llc,E&A landscaping LLC,EMERY,landscaping,high,CR-21,359880,(480) 313-2769,Show Low,85901,,,
ec-flooring-and-remodeling-llc,EC FLOORING AND REMODELING LLC,Erika,flooring,high,CR-8,359875,(602) 472-1789,Glendale,85305,,,
spartan-concepts-llc,Spartan Concepts LLC,Brandon,electrical,high,CR-11,359873,(602) 531-2569,TUCSON,85705,KB-1|CR-67,,
performance-grading-az-inc,PERFORMANCE GRADING AZ INC,Christopher,general,high,A,359872,(559) 318-7087,Phoenix,85016,,,
az-paints-stains-llc,AZ PAINTS & STAINS LLC,Christopher,painting,high,CR-34,359870,(480) 714-5510,Gilbert,85234,,,
4w-fence-fabrication-llc,4W Fence & Fabrication LLC,Josephine,fencing,high,CR-14,359869,(928) 595-1471,YOUNG,85554,,,
james-edward-snyder,James Edward Snyder,James,hvac,high,CR-39,359866,(520) 258-9285,Tucson,85710,,,
slattery-enterprises-of-arizona-inc,"SLATTERY ENTERPRISES OF ARIZONA, INC.",Jeffery,hvac,high,CR-39,359857,(480) 216-9330,Scottsdale,85258,,,
pencco-inc,"PENCCO, INC.",Adam,general,high,A,359856,(979) 885-0005,Phoenix,85063,,,
civilpave-llc,Civilpave LLC,Wesley,excavating,high,CR-2,359855,(480) 415-4575,QUEEN CREEK,85142,,,
connect-electric-solutions-llc,CONNECT ELECTRIC SOLUTIONS LLC,Caleb,electrical,high,CR-11,359854,(773) 742-8355,PHOENIX,85083,,,
pipe-pro-plumbing-llc,PIPE PRO PLUMBING LLC,Abel,plumbing,high,R-37R,359853,(480) 524-2531,PHOENIX,85040,,,
thomas-contracting-llc,Thomas Contracting LLC,Zachary,handyman,high,R-62,359852,(480) 364-3632,QUEEN CREEK,85142,KB-1,,
jgyst-llc,JGYST LLC,Savo,flooring,high,CR-8,359851,(480) 757-1234,Scottsdale,85257,,,
rkb-electric-llc,RKB Electric LLC,Ryan,electrical,high,R-11,359850,(520) 304-9648,Tucson,85705,,,
stoneworks-oasis-llc,"Stoneworks Oasis, LLC",Adam,landscaping,high,CR-21,359849,(480) 826-3755,Queen Creek,85142,,,
state-48-demo-llc,State 48 Demo LLC,Gary,handyman,high,R-62,359848,(602) 558-6735,CAVE CREEK,85331,,,
gold-star-drywall-services-llc,GOLD STAR DRYWALL SERVICES LLC,Salvador,sheetrock,high,CR-10,359847,(602) 583-0872,PHOENIX,85041,,,
mutuo-property-recovery-contracting-inc,"MUTUO PROPERTY RECOVERY & CONTRACTING, INC.",John,sheetrock,high,C-10,359846,(210) 243-7474,Hearne,77859,,,
danann-build-inc,"Danann Build, Inc.",Patrick,general,high,KB-1,359844,(602) 501-3184,Tempe,85288,,,
amw-hardscape-solutions-llc,A.M.W. Hardscape Solutions LLC,Bradley,carpentry,high,CR-61,359843,(480) 721-6561,Mesa,85212,KB-1,,
new-gen-building-services-llc,NEW GEN BUILDING SERVICES LLC,Erick,carpentry,high,CR-61,359842,(602) 804-2008,Buckeye,85326,,,
cornerstone-landscaping-llc,Cornerstone Landscaping LLC,Josiah,landscaping,high,CR-21,359841,(520) 237-8104,MARANA,85653,,,
streamline-mechanical-llc,Streamline Mechanical LLC,Rudy,hvac,high,CR-39,359840,(602) 782-0867,Peoria,85380,,,
visionary-consultants-and-contracting-llc,Visionary Consultants and Contracting LLC,Stephen,general,high,KB-1,359839,(480) 416-0778,PHOENIX,85070,,,
rock-n-block-arizona-llc,Rock N Block Arizona LLC,Gregory,landscaping,high,R-21,359837,(888) 894-2486,Phoenix,85016,,,
epic-homes-llc,"EPIC HOMES, L.L.C.",Scott,general,high,B,359832,(480) 267-2738,Queen Creek,85142,,,
broadband-power-solutions-llc,"Broadband Power Solutions, LLC",Neil,electrical,high,CR-11,359831,(936) 828-1838,YOUNG,85554,KA,,
motivated-air-and-plumbing-llc,MOTIVATED AIR AND PLUMBING LLC,Isaiah,hvac,high,CR-39,359830,(505) 720-3195,SCOTTSDALE,85257,CR-37,,
motivated-air-and-plumbing-llc,MOTIVATED AIR AND PLUMBING LLC,Isaiah,hvac,high,CR-39,359828,(505) 720-3195,SCOTTSDALE,85257,CR-37,,
southwest-construction-restoration-llc,"Southwest Construction & Restoration, LLC",Jason,general,high,KB-1,359824,(602) 418-6151,TEMPE,85284,,,
standor-homes-llc,"Standor Homes, LLC",Marvin,general,high,B,359822,(337) 302-9356,Tucson,85715,,,
jb-garage-doors-llc,J&B GARAGE DOORS LLC,Blanca,carpentry,high,R-60,359821,(602) 500-7973,PHOENIX,85033,,,
as-plumbing-solutions-llc,A&S Plumbing Solutions LLC,Samuel,plumbing,high,CR-37,359819,(520) 415-8427,TUCSON,85716,,,
r-r-landscaping-outdoor-design-llc,R & R Landscaping & Outdoor Design LLC,Russell,carpentry,high,R-61,359815,(623) 330-2636,Tempe,85284,R-21,,
above-board-ventures-llc,Above Board Ventures LLC,Seth,painting,high,CR-34,359811,(760) 981-3272,Oro Valley,85755,,,
allied-mechanical-services-llc,ALLIED MECHANICAL SERVICES LLC,Henry,hvac,high,CR-39,359808,(602) 717-5591,PHOENIX,85048,,,
appa-construction-llc,APPA Construction LLC,Alec,general,high,B,359807,(480) 710-0831,Cave Creek,85331,,,
chapillo-electric-llc,"CHAPILLO ELECTRIC, LLC",Brian,electrical,high,CR-11,359806,(602) 587-9929,PHOENIX,85041,,,
lucky-seven-llc,LUCKY SEVEN LLC,JOSE,carpentry,high,CR-61,359805,(970) 618-9738,Laveen,85339,,,
viewline-construction-llc,Viewline Construction LLC,Jeremy,general,high,KB-1,359804,(607) 232-6093,Flagstaff,86005,,,
alleato-llc,Alleato LLC,Jesse,general,high,B-1,359803,(317) 760-0088,Indianapolis,46250,,,
efx-llc,"EFX, LLC",Darin,flooring,high,CR-8,359802,(702) 715-7725,Phoenix,85086,,,
the-arizona-roofer-and-waterproofing-professionals-llc,"The Arizona Roofer and Waterproofing Professionals, LLC",Henry,roofing,high,CR-42,359801,(480) 435-5190,Florence,85132,R-62,,
westley-watts-electric-co-llc,Westley Watts Electric Co. LLC,Jesse,electrical,high,R-11,359800,(919) 671-7557,PHOENIX,85085,,,
optimus-installations-llc,Optimus Installations llc,Emerson,carpentry,high,CR-60,359798,(323) 948-3357,Mesa,85206,,,
amalayon-llc,AMALAYON LLC,He,electrical,medium,B-1,359797,(602) 662-8985,Tolleson,85353,C-11,,
ltn-construction-llc,LTN Construction LLC,Luong,general,high,B,359796,(520) 250-1679,Tucson,85719,B,,
ohplc-llc,OHPLC LLC,Nguyen,landscaping,high,CR-21,359794,(602) 820-7564,Phoenix,85034,KA-5|KB-1|KA,,
az-modern-floors-llc,AZ MODERN FLOORS LLC,Alexis,flooring,high,CR-8,359792,(928) 632-2136,PAULDEN,86334,,,
mervs-handyman-service-llc,Mervs Handyman Service LLC,Jeffrey,handyman,high,R-62,359786,(602) 815-5224,Surprise,85388,,,
lanz-industrial-welding-inc,Lanz Industrial Welding Inc,Blaine,welding,high,C-56,359785,(360) 254-3664,Vancouver,98682,,,
canedy-metal-craft-llc,Canedy Metal Craft LLC,Andrew,welding,high,R-24,359784,(602) 292-2284,PEORIA,85382,,,
cal-pro-roofing-llc,Cal-Pro Roofing LLC,Jorge,roofing,high,CR-42,359782,(602) 788-1022,Glendale,85306,CR-42,,
lidds-painting-llc,Lidds Painting LLC,Matthew,painting,high,CR-34,359780,(520) 870-6014,Tucson,85747,,,
hm-contractor-llc,HM Contractor LLC,Shane,general,high,B,359776,(480) 534-7945,Scottsdale,85254,B-2|CR-61,,
huan-yong-inc,HUAN YONG INC,JAMES,electrical,high,C-11,359769,(480) 254-3524,Phoenix,85085,,,
jbs-construction-llc,JB'S CONSTRUCTION LLC,Juan,sheetrock,high,CR-10,359765,(480) 249-8567,PHOENIX,85009,,,
division-1-plumbing-llc,Division 1 Plumbing LLC,Carlos,plumbing,high,CR-37,359761,(619) 405-5762,BUCKEYE,85326,,,
silver-state-plumbing-llc,Silver State Plumbing LLC,William,plumbing,high,CR-37,359760,(702) 433-5008,Las Vegas,89115,,,
double-v-construction-llc,"Double V Construction, LLC",LYNDON,general,high,KB-2,359759,(602) 499-7364,WITTMANN,85361,,,
honor-pools-llc,Honor Pools LLC,Stephanie,pools,high,CR-6,359758,(480) 670-9123,San Tan Valley,85140,,,
bull-plumbing-llc,"Bull Plumbing, LLC",Fredrick,plumbing,high,CR-37,359757,(850) 556-6709,Cape Coral,33909,,,
cedar-point-homes-llc,Cedar Point Homes LLC,Peter,general,high,B,359755,(602) 299-0343,Hereford,85615,,,
morris-companies-llc,Morris Companies LLC,David,roofing,high,CR-42,359753,(480) 254-7407,Lakeside,85929,KB-1,,
forrest-garage-doors-llc,Forrest Garage Doors LLC,Forrest,carpentry,high,CR-60,359750,(928) 575-3543,Lake Havasu City,86406,,,
triumph-specialty-construction-inc,"Triumph Specialty Construction, Inc.",Breau,general,high,B-1,359746,(517) 898-4118,Flint,48506,,,
phoenix-landscaping-llc,"PHOENIX LANDSCAPING, LLC",DAVID,landscaping,high,CR-21,359744,(707) 599-4438,GOODYEAR,85338,,,
ddmm-enterprises-inc,"DDMM ENTERPRISES, INC.",David,plumbing,medium,B,359741,(602) 513-9785,Sun City,85373,CR-77,,
andritz-hydro-corp,ANDRITZ HYDRO CORP.,Megan,general,high,A,359740,(704) 943-4343,Charlotte,28262,,,
leon-f-construction-llc,Leon F Construction LLC,José,carpentry,high,CR-61,359736,(480) 803-8340,SAN TAN VALLEY,85140,,,
marshall-electric-southwest-llc,"Marshall Electric Southwest, LLC",Wade,electrical,high,CR-11,359733,(618) 383-1315,Mesa,85212,,,
southern-az-epoxy-llc,Southern AZ Epoxy LLC,Lee,flooring,high,CR-8,359731,(520) 220-9880,Sierra Vista,85650,,,
stoner-electric-llc,Stoner Electric LLC,Brandon,electrical,high,C-11,359728,(503) 462-6500,Milwaukie,97222,,,
loren-goodman-construction-llc,Loren Goodman Construction LLC,Loren,general,high,B,359726,(928) 651-4424,Pima,85543,,,
c3-renovations-llc,C3 Renovations LLC,Cameron,general,high,B-3,359723,(602) 828-7130,CLARKDALE,86324,,,
united-custom-landscapes-llc,UNITED CUSTOM LANDSCAPES LLC,Shawn,awnings,high,R-3,359722,(480) 758-2188,SAN TAN VALLEY,85143,CR-21,,
performance-rebar-llc,Performance Rebar LLC,Robert,concrete,high,CR-70,359720,(480) 734-2027,Tempe,85288,,,
fransico-mares-cardona,Fransico Mares Cardona,Francisco,masonry,high,CR-31,359717,(602) 677-0883,Queen Creek,85142,,,
1st-ave-handyman-services-llc,1st Ave Handyman Services LLC,Daniel,handyman,high,R-62,359716,(928) 941-2543,Yuma,85364,,,
moss-associates-llc,Moss & Associates LLC,Joel,electrical,high,C-11,359714,(954) 228-6420,Fort Lauderdale,33309,B-1|A,,
eastwood-industries-llc,"Eastwood Industries, LLC",Adalivia,general,high,KB-1,359713,(602) 812-0514,Phoenix,85041,,,
peyton-electric-llc,PEYTON ELECTRIC LLC,Kemish,electrical,high,CR-11,359712,(602) 418-8210,Chandler,85224,,,
krogh-enterprises-llc,"Krogh Enterprises, LLC",Gregory,general,high,B,359709,(602) 312-6116,Phoenix,85018,B,,
guardian-pro-home-services-llc,Guardian Pro Home Services LLC,Guillermo,handyman,high,R-62,359707,(520) 477-6622,Tucson,85716,,,
smooth-stone-construction-llc,"Smooth Stone Construction, LLC",Gary,masonry,medium,KA,359706,(801) 409-2041,Ogden,84403,,,
daniel-arjona,Daniel Arjona,Daniel,electrical,high,R-11,359703,(208) 869-5759,Queen Creek,85142,,,
anchor-point-installations-llc,Anchor Point Installations LLC,Kai,handyman,high,R-62,359702,(602) 366-5149,Flagstaff,85004,CR-11,,
gr-painting-llc,G&R PAINTING LLC,Grant,painting,high,CR-34,359701,(480) 300-9760,Chandler,85224,,,
clearspace-az-llc,CLEARSPACE AZ LLC,andre,demolition,high,R-57,359698,(520) 440-6711,CHANDLER,85225,,,
synergy-systems-holdings-inc,"SYNERGY SYSTEMS HOLDINGS, INC.",John,general,high,B-1,359696,(502) 500-1593,Prospect,40059,,,
mvf-construction-llc,MVF Construction LLC,Marcial,carpentry,high,CR-7,359695,(928) 301-8843,Cottonwood,86326,,,
ocotillo-toolbox-llc,"Ocotillo Toolbox, LLC",Gentry,handyman,high,R-62,359694,(520) 861-9176,Tucson,85756,,,
peak-controls-inc,Peak Controls Inc,Robert,hvac,high,C-39,359692,(909) 963-9988,Parker,85344,,,
reddrocklandscaping-llc,ReddRockLandscaping LLC,John,landscaping,high,CR-21,359691,(623) 210-4518,Peoria,85383,,,
family-first-home-services-llc,Family First Home Services LLC,Scott,plumbing,high,CR-37,359690,(602) 596-3299,SURPRISE,85387,,,
inter-sky-inc,"Inter-sky, Inc.",Andrew,general,high,KB-1,359689,(714) 972-9112,Lake Forest,92630,,,
inspiring-designs-llc,"INSPIRING DESIGNS, LLC",Nathan,flooring,high,CR-8,359688,(480) 286-9606,Phoenix,85023,CR-48|CR-60,,
dl-and-sons-construction-llc,DL and Son's Construction LLC,Daniel,roofing,high,CR-42,359684,(480) 544-0960,GLENDALE,85301,,,
lava-valley-solutions-llc,Lava Valley Solutions LLC,Evan,lowvoltage,high,CR-67,359682,(520) 630-2676,Benson,85602,,,
peak-mountain-construction-llc,Peak Mountain Construction LLC,Gregory,general,high,KB-2,359681,(480) 772-2772,St Johns,85936,,,
show-me-garage-doors-llc,Show Me Garage Doors L.L.C.,Joshua,carpentry,high,R-60,359679,(520) 542-3333,Tucson,85739,,,
richard-construction-masonry-llc,RICHARD CONSTRUCTION MASONRY LLC,Ricardo,handyman,high,R-62,359678,(480) 512-9411,Phoenix,85034,,,
cool-guys-air-conditioning-llc,COOL GUYS AIR. CONDITIONING LLC,Lynn,hvac,high,R-39R,359674,(480) 313-8893,Mesa,85212,,,
new-era-coatings-llc,New Era Coatings LLC,Jesus,flooring,high,CR-8,359673,(602) 471-2377,Mesa,85204,,,
semiconductor-controlled-innovation-llc,Semiconductor Controlled Innovation LLC,John,steel,high,CR-17,359670,(480) 204-5085,PHOENIX,85027,C-56,,
mako-cpc-us-lp,"MAKO CPC US, LP",Mitchell,excavating,high,CR-2,359665,(432) 242-4488,Midland,79705,C-11,,
permaluxe-llc,PermaLuxe LLC,Michael,lowvoltage,high,CR-67,359664,(480) 226-9110,Lakeside,85929,,,
chavez-construction-remodeling-llc,"CHAVEZ CONSTRUCTION & REMODELING, LLC",Jesus,general,high,KB-1,359663,(480) 244-4564,Phoenix,85028,,,
thunder-mountain-electric-llc,THUNDER MOUNTAIN ELECTRIC LLC,John,electrical,high,CR-11,359661,(520) 366-6315,Hereford,85615,,,
anacapa-homes-llc,Anacapa Homes LLC,Michael,general,high,B-3,359660,(602) 513-3244,Tempe,85282,,,
ij-solutions-llc,I&J Solutions LLC,Javier,sheetrock,high,CR-10,359657,(602) 206-5524,Phoenix,85033,,,
desert-spring-garage-door-repair-llc,Desert Spring Garage Door Repair LLC,Stephen,carpentry,high,CR-60,359656,(602) 361-0824,PHOENIX,85023,,,
blossom-drywall-llc,Blossom Drywall LLC,Monte,sheetrock,high,CR-10,359654,(928) 814-6736,Phoenix,85031,,,
m3-heating-and-cooling-llc,M3 Heating and Cooling LLC,Michael,hvac,high,CR-39,359652,(480) 430-8339,MESA,85204,,,
partipilo-power-electrical-service-llc,PARTIPILO POWER ELECTRICAL SERVICE LLC,Joseph,electrical,high,CR-11,359648,(602) 370-4350,PEORIA,85383,,,
arrow-mechanical-electrical-contractors-llc,Arrow Mechanical & Electrical Contractors LLC,Richard,electrical,high,C-11,359646,(760) 481-2499,Phoenix,85004,C-39|C-37,,
altitude-interiors-llc,Altitude Interiors LLC,Brett,tile,high,CR-48,359644,(480) 401-8379,Phoenix,85044,CR-60|CR-8,,
precision-of-america-company,Precision of America Company,Aaron,general,high,KB-1,359641,(503) 253-4827,Portland,97218,,,
talee-phoenix-inc,TALEE PHOENIX INC,SHENG,hvac,medium,KB-1,359640,(562) 832-8299,Montclair,91763,CR-39,,
azp-contracting-llc,AZP Contracting LLC,Jarad,plumbing,medium,KB-2,359635,(602) 721-8795,Queen Creek,85142,KB-1|CR-37,,
icicle-air-llc,Icicle Air LLC,Bryan,hvac,high,CR-39,359632,(602) 837-4616,GLENDALE,85308,,,
wells-concrete-products-co,WELLS CONCRETE PRODUCTS CO,William,concrete,high,C-9,359630,(320) 845-2229,Phoenix,85012,,,
rivermex-llc,RIVERMEX LLC,Jose,sheetrock,high,CR-10,359629,(661) 866-1968,SCOTTSDALE,85258,,,
lrf-llc,LRF LLC,Arlene,sheetrock,high,CR-10,359627,(602) 516-9405,TEMPE,85282,,,
talee-phoenix-inc,TALEE PHOENIX INC,SHENG,hvac,medium,KB-1,359626,(562) 832-8299,Montclair,91763,CR-39,,
peraltas-roofing-llc,PERALTAS ROOFING LLC,Jaime,roofing,high,CR-42,359625,(623) 294-6857,Phoenix,85029,,,
beltran-construction-llc,"Beltran Construction, LLC",Oscar,concrete,high,CR-9,359623,(435) 632-5651,Littlefield,86432,,,
sahhar-construction-llc,Sahhar Construction LLC,Musa,general,high,KB-1,359622,(623) 299-6317,Phoenix,85020,,,
unitechz-communication-technology-1-inc,Unitechz Communication Technology 1 Inc,Juan,asphalt,high,CR-69,359619,(323) 481-8141,YUMA,85365,CR-2|CR-67,,
green-rock-landscaping-llc,Green Rock Landscaping LLC,Nicholas,landscaping,high,CR-21,359618,(480) 271-2700,PHOENIX,85035,,,
forged-construction-inc,Forged Construction Inc.,Julio,general,high,KB-2,359617,(480) 576-9393,Mesa,85203,,,
cielo-rojo-construction-llc,Cielo Rojo Construction LLC,Jonathan,handyman,high,R-62,359611,(602) 471-9397,MESA,85205,,,
noble-roofing-construction-llc,Noble roofing & construction LLC,Salvador,roofing,high,CR-42,359609,(480) 803-0121,Mesa,85205,,,
west-coast-security-inc,West Coast Security Inc,Jeramy,lowvoltage,high,CR-67,359608,(253) 255-4138,Orting,98360,,,
honest-electric-az-llc,Honest Electric AZ LLC,Dalton,electrical,high,CR-11,359607,(480) 526-0223,MESA,85205,,,
adyan-professional-services-llc,Adyan Professional Services LLC,Ayhab,sheetrock,high,CR-10,359606,(520) 358-5419,TUCSON,85748,,,
the-just-right-handyman-and-home-improvement-llc,The Just Right Handyman and Home Improvement LLC,Mark,carpentry,high,CR-61,359603,(480) 732-0860,San Tan Valley,85140,R-62,,
san-juan-ironworks-llc,SAN JUAN IRONWORKS LLC,Juan,welding,high,CR-24,359601,(520) 705-6613,Tucson,85705,,,
figueroa-underground-llc,"Figueroa Underground, LLC",Juan,excavating,high,CR-2,359600,(602) 545-5222,AVONDALE,85392,,,
seamless-home-llc,"Seamless Home, LLC",Scott,electrical,high,CR-11,359597,(781) 308-4108,Sterling,01564,,,
industrial-municipal-services-llc,Industrial & Municipal Services LLC,Jameson,general,high,KB-2,359595,(602) 999-3201,Scottsdale,85259,,,
american-dream-pool-service-repair-llc,"American Dream Pool Service & Repair, LLC",Justin,pools,high,CR-6,359594,(623) 624-7665,WADDELL,85355,,,
xclusive-contracting-llc,Xclusive Contracting LLC,Luis,sheetrock,high,CR-10,359593,(480) 616-4565,SAN TAN VALLEY,85140,CR-36,,
black-timber-builders-llc,Black Timber Builders LLC,Jason,general,high,KB-2,359591,(928) 600-1107,Camp Verde,86322,,,
ka-home-renovations-llc,K&A Home Renovations LLC,Alexis,carpentry,high,R-60,359590,(480) 410-1052,PHOENIX,85037,,,
level-up-flooring-llc,Level Up Flooring LLC,KIPP,flooring,high,CR-8,359586,(702) 227-9985,Las Vegas,89193,,,
premier-48-llc,"Premier 48, LLC",Johnnie,hvac,high,CR-39,359584,(602) 793-7784,Mesa,85213,,,
db-excavation-llc,DB Excavation LLC,Drew,excavating,high,R-2,359583,(928) 830-9150,17070 W West Way,85362,,,
morriscapital-investments-llc,MorrisCapital Investments LLC,Colton,general,high,KB-2,359582,(520) 507-3507,Pima,85543,,,
adco-roofing-inc,"ADCO Roofing, Inc.",Andrew,roofing,high,C-42,359580,(818) 505-9272,Phoenix,85007,,,
pointer-electric-llc,Pointer Electric LLC,Steven,electrical,high,CR-11,359575,(480) 516-1897,GILBERT,85233,,,
coastal-industrial-services-inc,"Coastal Industrial Services, Inc.",Mark,general,high,B-1,359573,(409) 736-3791,Port Neches,77651,,,
arts-electrical-services-llc,Arts Electrical Services LLC,Arthur,electrical,high,CR-11,359572,(303) 304-4281,Brighton,80602,,,
utility-underground-llc,Utility Underground LLC,Mike,plumbing,medium,A-12,359571,(520) 907-0011,Tucson,85733,,,
agave-air-conditioning-heating-llc,Agave Air Conditioning & Heating LLC,Hiram,hvac,high,CR-39,359570,(480) 420-9783,SAN TAN VALLEY,85144,,,
cool-ass-remodeling-llc,Cool Ass Remodeling LLC,Fransisco,carpentry,high,R-60,359568,(623) 331-9304,Peoria,85383,,,
max-effort-electric-llc,"MAX Effort Electric, LLC",CHRISTOPHER,electrical,high,CR-11,359564,(480) 810-8679,GLENDALE,85308,,,
diversified-construction-southeast-llc,Diversified Construction Southeast LLC,Connelly,roofing,high,C-42,359562,(985) 637-5121,Gonzales,70707,C-45,,
the-macias-collection-design-build-llc,THE MACIAS COLLECTION DESIGN + BUILD LLC,Jorge,general,high,B-3,359558,(602) 628-2805,Phoenix,85020,,,
optimum-operation-services-llc,Optimum Operation & Services LLC,Shawn,excavating,high,R-2,359556,(480) 302-1365,CHANDLER,85249,,,
service-direct-landscape-llc,Service Direct Landscape LLC,Grant,electrical,high,CR-11,359551,(602) 843-1310,Phoenix,85008,CR-21|KA|KB-1,,
sitrep-llc,SITREP LLC,Jordan,handyman,high,R-62,359547,(480) 216-9659,New River,85087,,,
kokopelli-landscaping-inc,Kokopelli Landscaping Inc,Russell,pools,high,B-5,359546,(702) 346-2332,Mesquite,89027,CR-21,,
oso-spotless-llc,OSO SPOTLESS LLC,MIGUEL,general,high,B-3,359545,(602) 793-7295,Surprise,85379,,,
i-pour-concrete-llc,I Pour Concrete LLC,Jerod,concrete,high,CR-9,359544,(623) 204-0159,BUCKEYE,85326,,,
digdugfiber-llc,"DIGDUGFIBER ,LLC",Jennie,excavating,high,R-2,359543,(801) 448-4422,SALT LAKE CITY,84107,,,
lariat-builders-llc,Lariat Builders LLC,Jose,general,high,KB-2,359542,(928) 530-5073,KINGMAN,86409,,,
dry-lightning-enterprises-llc,Dry Lightning Enterprises LLC,Danny,handyman,high,R-62,359540,(623) 888-1309,Sierra Vista,85635,CR-11,,
mtz-custom-service-co-llc,"MTZ CUSTOM SERVICE CO, LLC",Krisia,septic,high,CR-41,359538,(520) 205-1087,TUCSON,85746,R-2|KB-2,,
happy-plumbing-llc,Happy Plumbing LLC,tyler,plumbing,high,CR-37,359537,(480) 528-9479,MESA,85204,,,
labar-golf-renovations-llc-fn,LaBar Golf Renovations LLC (FN),Richard,landscaping,high,C-21,359535,(908) 502-5253,Bernardsville,07924,,,
corrales-builders-llc,Corrales Builders LLC,Yamen,general,high,KB-2,359534,(928) 817-7999,YUMA,85364,KB-1,,
vincent-vargas,Vincent Vargas,Vincent,electrical,high,CR-11,359531,(602) 510-8928,Gilbert,85233,,,
embark-electric-inc,"Embark Electric, Inc.",Andrew,electrical,medium,B-2,359529,(760) 271-4061,Ramona,92065,C-11,,
professional-labor-group-llc,"PROFESSIONAL LABOR GROUP, LLC",Robert,general,high,B-1,359523,(317) 865-7757,Greenwood,46143,,,
bauwerk-builders-llc,Bauwerk Builders LLC,John,carpentry,high,CR-61,359516,(520) 330-8818,TUCSON,85719,B,,
wrenley-fiber-optics-llc,"WRENLEY FIBER OPTICS, LLC",Aquilas,general,high,KB-1,359515,(940) 910-1495,Justin,76247,,,
tac-venture-group-llc,"TAC Venture Group, LLC",Thomas,general,high,B,359511,(218) 791-7528,Casa Grande,85122,,,
brandontheelectrician-llc,Brandontheelectrician LLC,Brandon,electrical,high,CR-11,359509,(928) 710-4897,Dewey,86327,,,
spectrum-fire-protection-inc,Spectrum Fire Protection Inc,Samuel,fireprotection,high,C-16,359506,(714) 213-8451,Fullerton,92831,C-11,,
edward-george-vetsch-jr,Edward George Vetsch Jr,Edward,plumbing,high,CR-37,359503,(505) 401-9956,Casa Blanca,87007,,,
kmg-construction-consulting-llc,KMG CONSTRUCTION & CONSULTING LLC,Jeffrey,general,high,B-3,359501,(303) 246-3497,Centennial,80111,,,
cares-home-services-corp,CARES HOME SERVICES CORP.,Jacob,hvac,high,R-39R,359499,(520) 780-0103,Marana,85653,B-4,,
arcore-electric-llc,Arcore Electric LLC,Robert,electrical,high,CR-11,359498,(623) 221-4339,Phoenix,85051,,,
esw-pavers-landscape-llc,ESW PAVERS & LANDSCAPE LLC,Porter,landscaping,high,CR-21,359496,(480) 761-8742,PHOENIX,85042,,,
rt-cabinetry-inc,RT Cabinetry Inc,Ryan,carpentry,medium,KB-1,359489,(480) 234-7384,Chandler,85225,,,
conserv-llc,Conserv LLC,Shaun,electrical,high,CR-11,359488,(312) 450-9813,Scottsdale,85251,KB-1,,
julep-home-solutions-llc,"Julep Home Solutions, LLC",Richard,handyman,high,R-62,359486,(480) 628-7889,Scottsdale,85266,,,
pacific-vista-development-llc,Pacific Vista Development LLC,Tommy,general,high,B,359483,(808) 892-3262,Kailua Kona,96740,,,
dhk-painting-llc,"DHK Painting, LLC",Kyle,painting,high,CR-34,359482,(520) 201-4246,Cave Creek,85331,CR-34,,
salisbury-moore-llc,"Salisbury Moore, LLC",James,general,high,B-1,359480,(919) 930-8770,Raleigh,27615,,,
raine-building-llc,Raine Building LLC,Matthew,general,high,B-1,359477,(480) 997-7138,Colorado Springs,80907,,,
chasen-usa-inc,"Chasen (USA), Inc.",Greg,general,high,KB-1,359476,(408) 725-7571,Phoenix,85016,,,
kc-duran-llc,KC Duran LLC,Kyler,carpentry,high,CR-60,359473,(480) 996-4020,MESA,85209,,,
innovation-plumbing-llc,Innovation Plumbing LLC,CARLOS,plumbing,high,CR-37,359467,(623) 229-8743,SURPRISE,85379,,,
sunview-solar-inc,Sunview Solar Inc.,Paul,electrical,high,R-11,359466,(954) 995-1361,Phoenix,85016,,,
amarzo-home-builders-llc,AMARZO HOME BUILDERS LLC,Luis,general,high,B,359464,(623) 241-2222,Buckeye,85326,,,
dms-contractors-llc,DMS Contractors LLC,Fernando,general,high,KB-2,359463,(954) 833-7663,Fort Lauderdale,33312,,,
the-golden-rule-garage-door-company-llc,The Golden Rule Garage Door Company LLC,Jared,carpentry,high,R-60,359462,(214) 842-3519,PHOENIX,85016,,,
san-xavier-builders-llc,San Xavier Builders LLC,Francisco,general,high,KB-1,359459,(520) 235-8603,TUCSON,85746,,,
shaw-integrated-and-turf-solutions-inc,"Shaw Integrated and Turf Solutions, Inc.",Harry,painting,medium,B-1,359456,(706) 532-4691,Dalton,30722,C-34,,
rusco-investments-llc,Rusco Investments LLC,Jace,general,high,B,359455,(928) 706-7401,Lake Havasu City,86406,,,
cactus-creek-remodeling-llc,Cactus Creek Remodeling LLC,Douglas,general,high,B,359450,(602) 317-9370,Queen Creek,85142,B-3,,
mwc-construction-and-development-llc,MWC Construction and Development LLC,Michael,general,high,KB-1,359449,(480) 621-9840,Scottsdale,85261,,,
advanced-premium-coatings-inc,"Advanced Premium Coatings, Inc",Hector,painting,high,CR-34,359448,(619) 484-8124,San Diego,92116,,,
gold-medal-construction-llc,GOLD MEDAL CONSTRUCTION LLC,David,pools,medium,B-4,359447,(602) 820-7776,PHOENIX,85022,KA-5,,
gold-medal-construction-llc,GOLD MEDAL CONSTRUCTION LLC,David,pools,medium,B-4,359446,(602) 820-7776,PHOENIX,85022,KA-5,,
az-electric-solutions-llc,AZ Electric Solutions LLC,VICTOR,electrical,high,CR-11,359445,(623) 260-7120,Tolleson,85353,,,
mwc-home-repair-maintenance-llc,"MWC Home Repair & Maintenance, LLC",Matthew,handyman,high,R-62,359444,(480) 658-7750,APACHE JUNCTION,85119,,,
bueno-construction-llc,Bueno Construction LLC,Hever,concrete,medium,KB-1,359441,(602) 689-3810,Mesa,85203,KA|CR-9,,
gold-water-general-service-llc,Gold Water General Service LLC,Carmen,carpentry,high,CR-61,359440,(970) 573-1770,Tempe,85283,,,
silver-star-wallsystems-llc,"Silver Star Wallsystems, LLC",David,painting,high,CR-34,359439,(602) 999-6618,Phoenix,85027,CR-10,,
larrett-energy-services-inc,"LARRETT ENERGY SERVICES, INC.",James,plumbing,medium,A-12,359436,(214) 741-4042,Venus,76084,,,
paradise-door-and-service-inc,"PARADISE DOOR AND SERVICE, INC.",Michael,carpentry,high,C-60,359435,(844) 978-7372,GOLD CANYON,85118,,,
old-or-new-llc,Old or New LLC,Steven,carpentry,high,R-61,359433,(602) 882-1160,Phoenix,85051,B-3,,
solaris-pool-care-llc,"SOLARIS POOL CARE, LLC",Joshua,pools,high,CR-6,359426,(480) 986-6858,Scottsdale,85255,,,
5-star-outdoor-garage-floors-llc,5 Star Outdoor & Garage Floors LLC,Henry,tile,high,CR-48,359425,(602) 799-9805,Scottsdale,85254,,,
mattamy-tucson-llc,MATTAMY TUCSON LLC,Travis,general,high,B,359424,(520) 297-6850,TUCSON,85718,,,
radiance-pools-llc,RADIANCE POOLS LLC,Kyle,pools,high,CR-6,359422,(480) 925-4717,Phoenix,85042,KA-5,,
volt-tech-llc,Volt Tech LLC,William,electrical,high,C-11,359420,(720) 485-9893,ft lupton,80621,,,
cavalier-construction-company,Cavalier Construction Company,Scott,plumbing,high,CR-77,359418,(602) 790-7430,Glendale,85308,CR-11|KB-1,,
apex-azrc-llc,APEX AZRC LLC,Paul,general,high,B-3,359417,(480) 220-6877,Chandler,85225,,,
viking-total-home-restoration-llc,"Viking Total Home Restoration, LLC",Beau,carpentry,high,CR-61,359413,(928) 529-0004,Kingman,86409,KB-1|CR-37,,
citrus-landscaping-llc,CITRUS LANDSCAPING LLC,Rick,landscaping,high,C-21,359408,(480) 926-2970,Gilbert,85233,,,
csu-industries-inc,CSU Industries Inc.,Lane,carpentry,high,C-60,359407,(678) 921-9525,Cartersville,30120,,,
concrete-cowboys-llc,"Concrete Cowboys, LLC",Ryan,concrete,high,CR-9,359403,(602) 315-8630,Scottsdale,85260,,,
sacred-spaces-landscape-design-llc,Sacred Spaces Landscape & Design LLC,John,landscaping,high,CR-21,359400,(520) 809-5897,Tucson,85710,,,
ktw-remodeling-llc,KTW REMODELING LLC,Karll,carpentry,high,CR-61,359399,(520) 227-3407,Sierra Vista,85635,,,
anchor-pool-service-llc,ANCHOR POOL SERVICE LLC,Bryce,pools,high,CR-6,359398,(702) 971-8852,Phoenix,85012,,,
spear-west-llc,SPEAR WEST LLC,Robert,electrical,high,C-11,359397,(775) 589-2106,Stateline,89449,,,
gold-hands-electrical-llc,Gold Hands Electrical LLC,ROMAN,electrical,high,R-11,359395,(520) 437-5353,TUCSON,85716,,,
matthew-ryan-lesseg,Matthew Ryan Lesseg,Matthew,electrical,high,CR-11,359392,(909) 917-2790,Oak Glen,92399,,,
advanced-energy-systems-llc,Advanced Energy Systems LLC,Brian,electrical,high,CR-11,359390,(602) 228-6384,Scottsdale,85251,KB-2,,
horne-home-services-llc,Horne Home Services LLC,JAMES,general,high,KB-2,359385,(520) 255-2109,SIERRA VISTA,85650,R-62,,
atlas-restoration-contracting-llc,Atlas Restoration & Contracting LLC,Eligio,general,high,KB-1,359384,(520) 313-4646,TUCSON,85746,,,
skilltec-home-solutions-llc,Skilltec Home Solutions LLC,Bryant,handyman,high,R-62,359382,(480) 646-7190,MARICOPA,85138,,,
dirt-excavation-llc,D.I.R.T. Excavation LLC,Joshua,excavating,high,R-2,359380,(928) 733-7177,Lake Havasu City,86403,,,
hmc-woodcrafts-llc,HMC Woodcrafts LLC,Ethan,carpentry,high,CR-60,359378,(480) 772-9822,PAULDEN,86334,,,
scoop-t-excavation-llc,Scoop T Excavation LLC,Kyle,excavating,high,CR-2,359377,(602) 290-0188,Casa Grande,85194,,,
electric-zone-llc,Electric Zone LLC,Maurice,electrical,high,CR-11,359376,(480) 628-0444,CHANDLER,85226,,,
west-coast-residential-llc,"West Coast Residential, LLC",Vanessa,handyman,high,R-62,359374,(779) 435-2761,Surprise,85379,,,
foxs-fine-home-design-llc,FOX'S FINE HOME DESIGN LLC,Curtis,general,high,B-3,359373,(602) 330-4780,Phoenix,85032,,,
hvac-task-force-llc,HVAC Task Force LLC,Miguel,hvac,high,CR-39,359372,(623) 512-1847,GLENDALE,85307,,,
reality-drywall-llc,REALITY DRYWALL LLC,Miguel,sheetrock,high,CR-10,359369,(480) 381-5329,Maricopa,85139,,,
desert-eagle-companies-llc,DESERT EAGLE COMPANIES LLC,Christopher,general,high,A,359361,(602) 960-2959,Mesa,85215,,,
diamond-floors-llc,DIAMOND FLOORS  LLC,Yesenia,flooring,high,CR-8,359354,(602) 737-8251,Phoenix,85032,,,
s-a-plumbing-mechanical-inc,S & A Plumbing & Mechanical Inc,Seth,hvac,high,CR-39,359353,(602) 622-2051,Litchfield Park,85340,CR-37,,
bryson-construction-llc,BRYSON CONSTRUCTION LLC,Jimmy,general,high,A,359352,(480) 276-7422,Phoenix,85044,KB-1,,
prospector-construction-group-llc,Prospector Construction Group LLC,Scott,general,high,KB-1,359350,(480) 823-6444,Queen Creek,85142,KA,,
olsen-wireless-llc,Olsen Wireless LLC,Stephen,lowvoltage,high,C-67,359349,(720) 936-1783,Highlands Ranch,80129,,,
golden-state-group-llc,GOLDEN STATE GROUP LLC,Rodolfro,excavating,high,CR-2,359348,(480) 468-0962,AVONDALE,85323,,,
ofs-interiors-llc,OFS Interiors LLC,Jonas,carpentry,high,CR-60,359343,(801) 974-1970,Holladay,84117,,,
dlt-concrete-cutting-llc,DLT CONCRETE CUTTING LLC,Yesenia,concrete,high,CR-9,359342,(602) 391-8980,PHOENIX,85017,,,
the-paint-company-llc,The Paint Company LLC,Eric,handyman,high,R-62,359338,(928) 531-1951,Prescott,86305,,,
southwest-baths-llc,SOUTHWEST BATHS LLC,Troy,general,high,B,359336,(360) 391-4101,Gilbert,85298,,,
1st-choice-home-solutions-llc,1st Choice Home Solutions LLC,Alvin,handyman,high,R-62,359333,(520) 559-4556,Hereford,85615,,,
rehm-custom-construction-llc,Rehm Custom Construction LLC,Jeremy,general,high,B-1,359329,(602) 952-9864,Phoenix,85016,B,,
mcdowells-general-contracting-and-handyman-services-llc,McDowell's General Contracting and Handyman Services LLC,David,general,high,KB-2,359325,(623) 986-3561,GLENDALE,85310,,,
va-building-and-design-llc,VA BUILDING AND DESIGN LLC,Luis,signs,medium,KB-1,359322,(520) 455-8971,Nogales,85621,,,
residential-trade-services-llc,Residential Trade Services LLC,Gary,handyman,high,R-62,359321,(602) 980-4728,Prescott,86302,,,
dynamix-heating-and-cooling-lp,Dynamix Heating and Cooling LP,Jesse,hvac,high,CR-39,359316,(602) 679-7209,Scottsdale,85255,KB-1,,
hmt-system-usa-llc,HMT System USA LLC,Boyu,electrical,high,C-11,359313,(602) 349-6969,Phoenix,85021,C-4|B-1,,
kay-d-construction-services-corporation,Kay-D Construction Services Corporation,Devin,general,high,KB-1,359310,(909) 270-0463,Chino Valley,86323,,,
well-weld-it-llc,We'll Weld It LLC,Jeffrey,welding,high,CR-24,359306,(480) 296-9400,Phoenix,85028,CR-14,,
level-up-plumbing-llc,Level-Up Plumbing LLC,JARED,plumbing,high,R-37R,359303,(623) 241-3407,SURPRISE,85378,,,
bmc-construction-consulting-llc,BMC Construction & Consulting LLC,Josef,excavating,high,R-2,359301,(928) 515-4926,DEWEY,86327,,,
re-construction-and-remodeling-llc,R&E CONSTRUCTION AND REMODELING LLC,Richard,carpentry,high,CR-61,359300,(520) 633-1713,Tucson,85704,,,
wrc-excavation-llc,"WRC Excavation, LLC",William,excavating,high,R-2,359299,(480) 335-0768,MESA,85204,A-5,,
derek-and-dad-handyman-llc,Derek and Dad Handyman LLC,Derek,handyman,high,R-62,359298,(602) 751-5368,Mesa,85203,,,
victory-refrigeration-mechanical-llc,"Victory Refrigeration & Mechanical, LLC",Victor,hvac,high,CR-39,359296,(520) 678-5687,VAIL,85641,,,
call-shamrock-llc,Call Shamrock LLC,Adam,hvac,high,CR-39,359295,(520) 450-5714,Tucson,85747,CR-11,,
revgen-construction-llc,REVGEN CONSTRUCTION LLC,BRANDON,general,high,KB-1,359293,(520) 548-0472,PHOENIX,85016,,,
desert-springs-pools-and-landscaping-llc,Desert Springs Pools and Landscaping LLC,Shannon,landscaping,high,R-21,359290,(702) 400-8124,Las Vegas,89139,B-5,,
papas-palapas-oasis-llc,Papas Palapas Oasis LLC,Brian,general,high,KB-1,359288,(209) 969-8115,Lake Havasu City,86406,,,
valley-flow-plumbing-llc,Valley Flow Plumbing LLC,Nicholas,plumbing,high,CR-37,359286,(602) 921-1600,Phoenix,85016,,,
solid-concrete-works-llc,Solid Concrete Work's LLC,ALFREDO,concrete,high,CR-9,359284,(602) 358-9890,AVONDALE,85392,,,
vriantica-inc,VRIANTICA INC,Leonardo,general,high,KB-1,359281,(424) 496-3030,Beverly Hills,90212,,,
pifer-home-services-llc,Pifer Home Services LLC,Jason,handyman,high,R-62,359279,(918) 264-1093,Sierra Vista,85635,,,
tru-balance-pool-care-llc,"Tru Balance Pool Care, LLC",James,pools,high,CR-6,359278,(623) 204-6184,Goodyear,85395,,,
tipping-point-welding-llc,Tipping Point Welding LLC,Tyler,welding,high,R-56,359277,(928) 899-8860,Prescott,86303,R-14,,
faux-sisters-painting-llc,Faux Sisters Painting LLC,Doris,painting,high,R-34,359276,(602) 330-7569,Tonopah,85354,R-60,,
summit-dirt-works-llc,Summit Dirt Works LLC,Caleb,excavating,high,R-2,359273,(928) 699-6406,FLAGSTAFF,86005,,,
tlk-roofing-llc,TLK Roofing LLC,Landon,roofing,high,R-42,359272,(520) 507-6256,WILLCOX,85643,KB-2,,
rays-sprays-llc,Ray's Spray's LLC,Raymond,concrete,high,CR-9,359266,(480) 669-6208,GLENDALE,85303,,,
md2-energy-services-llc,"MD2 ENERGY SERVICES, LLC",Peter,excavating,medium,A,359261,(972) 974-5133,HOT SPRINGS VILLAGE,71909,A-5,,
miko-llc,Miko LLC,Mikko,general,high,KB-1,359260,(602) 888-2826,Phoenix,85085,,,
whitestone-roofing-and-development-llc,Whitestone Roofing and Development LLC,Michael,masonry,medium,KB-1,359257,(858) 774-6058,Chandler,85225,CR-42,,
oakridge-landscape-inc,"Oakridge Landscape, Inc.",Jeffrey,landscaping,high,CR-21,359256,(661) 295-7228,Valencia,91355,,,
norton-family-plumbing-llc,Norton Family Plumbing LLC,Theodore,plumbing,high,CR-37,359255,(623) 980-9476,SHOW LOW,85901,,,
blue-collar-masonry-llc,Blue Collar Masonry LLC,Jeremy,masonry,high,CR-31,359254,(208) 313-5561,Idaho Falls,83401,,,
l-m-drywall-llc,L & M Drywall LLC,Marcos,sheetrock,high,CR-10,359253,(928) 600-9947,PRESCOTT VALLEY,86314,,,
hk-electrical-inc,"H.K. ELECTRICAL, INC.",Ohaness,electrical,high,CR-11,359252,(818) 535-8746,Granada Hills,91344,,,
woodside-builders-inc,"Woodside Builders, Inc.",Stephanie,general,high,KB-1,359251,(760) 594-6687,GOLDEN VALLEY,86413,,,
dairy-air-heating-and-air-llc,"Dairy Air Heating And Air, LLC",Christopher,hvac,high,CR-39,359248,(916) 599-7462,Elk Grove,95624,KB-1,,
vortex-air-conditioning-heating-llc,Vortex Air Conditioning & Heating LLC,Jeffrey,hvac,high,CR-39,359247,(480) 334-8368,APACHE JUNCTION,85120,,,
triple-d-dirt-works-llc,Triple D Dirt Works LLC,Donald,excavating,high,R-2,359243,(602) 300-7222,TONOPAH,85354,,,
collective-construction-management-llc,COLLECTIVE CONSTRUCTION MANAGEMENT LLC,Cyra,general,high,KB-1,359241,(520) 591-9186,Tucson,85743,,,
ambition-renovision-llc,Ambition Renovision LLC,Tassidie,general,high,KB-2,359232,(602) 799-8043,Anthem,85086,,,
solterra-aquatics-llc,Solterra Aquatics LLC,Charles,pools,high,CR-6,359231,(602) 620-5457,Surprise,85374,,,
vertex-surfaces-llc,"VERTEX SURFACES, LLC",Bryce,carpentry,high,CR-60,359229,(303) 918-4192,TEMPE,85284,,,
window-rehab-llc,Window Rehab LLC,Zakary,carpentry,high,R-60,359227,(602) 544-7597,Surprise,85388,,,
my-arizona-roofing-contractor-llc,My Arizona Roofing Contractor LLC,James,roofing,high,CR-42,359226,(602) 400-0945,Phoenix,85016,,,
caliber-construction-service-inc,"Caliber Construction Service, Inc.",Joseph,excavating,medium,KB-1,359224,(949) 254-1006,Yorba Linda,92886,CR-2,,
local-painters-llc,Local Painters LLC,amer,painting,high,CR-34,359223,(602) 775-3019,Surprise,85379,,,
rrms-industries-llc,RRMS Industries LLC,Richard,electrical,high,CR-11,359221,(360) 480-7596,Olympia,98501,,,
providence-enterprises-llc,PROVIDENCE ENTERPRISES LLC,Noah,general,high,B,359220,(520) 390-7759,TUCSON,85716,,,
rawhide-outdoors-llc,Rawhide Outdoors LLC,Ashton,general,high,KB-2,359218,(623) 341-0405,Buckeye,85326,,,
rushton-construction-llc,Rushton Construction LLC,Carter,concrete,high,C-9,359217,(480) 528-0530,Queen Creek,85142,,,
desert-valley-gates-fabrication-llc,Desert Valley Gates & Fabrication LLC,Eyon,welding,high,CR-24,359216,(480) 913-7888,Mesa,85212,,,
1v-construction-inc,1V CONSTRUCTION INC.,Octavio,lowvoltage,high,CR-67,359215,(626) 400-0449,Jurupa Valley,91752,,,
the-construction-pros-az-incorporated,THE CONSTRUCTION PROS AZ INCORPORATED,Alexander,general,high,KB-1,359214,(714) 858-4463,LAKE HAVASU CITY,86404,,,
moduwall-llc,ModuWall llc,Ryan,carpentry,high,C-60,359213,(816) 305-2617,PECULIAR,64078,,,
full-scope-electrical-llc,Full Scope Electrical LLC,David,electrical,high,CR-11,359210,(480) 578-2359,Queen Creek,85142,,,
gm-general-multi-services-llc,GM GENERAL MULTI SERVICES LLC,GERARDO,hvac,high,CR-39,359209,(480) 299-8320,Goodyear,85395,,,
dirt-tech-landscape-designs-llc,DIRT TECH LANDSCAPE & DESIGNS LLC,Dante,landscaping,high,CR-21,359207,(650) 445-8869,Tempe,85282,,,
daisy-industrial-services-llc,Daisy Industrial Services LLC,Everardo,plumbing,medium,CR-4,359205,(845) 325-3652,PEORIA,85381,CR-17,,
